Position,Name + ID,Name,ID,Roster Position,Salary,Game Info,TeamAbbrev,AvgPointsPerGame
C,Joel Embiid (14105739),Joel Embiid,14105739,CPT,17100,BOS@PHI 01/09/2020 07:00PM ET,PHI,48.26
PG/SF,Ben Simmons (14105740),Ben Simmons,14105740,CPT,16200,BOS@PHI 01/09/2020 07:00PM ET,PHI,42.33
SF/PF,Tobias Harris (14105741),Tobias Harris,14105741,CPT,13800,BOS@PHI 01/09/2020 07:00PM ET,PHI,35.08
SF/PF,Jayson Tatum (14105742),Jayson Tatum,14105742,CPT,12900,BOS@PHI 01/09/2020 07:00PM ET,BOS,38.18
SF/PF,Gordon Hayward (14105743),Gordon Hayward,14105743,CPT,12600,BOS@PHI 01/09/2020 07:00PM ET,BOS,33.41
PG,Kemba Walker (14105744),Kemba Walker,14105744,CPT,12300,BOS@PHI 01/09/2020 07:00PM ET,BOS,38.18
SG/SF,Jaylen Brown (14105745),Jaylen Brown,14105745,CPT,11700,BOS@PHI 01/09/2020 07:00PM ET,BOS,35.71
C,Joel Embiid (14105705),Joel Embiid,14105705,UTIL,11400,BOS@PHI 01/09/2020 07:00PM ET,PHI,48.26
PF/C,Al Horford (14105746),Al Horford,14105746,CPT,11100,BOS@PHI 01/09/2020 07:00PM ET,PHI,30.02
PG/SF,Ben Simmons (14105706),Ben Simmons,14105706,UTIL,10800,BOS@PHI 01/09/2020 07:00PM ET,PHI,42.33
SG/SF,Josh Richardson (14105747),Josh Richardson,14105747,CPT,10500,BOS@PHI 01/09/2020 07:00PM ET,PHI,27.72
C,Enes Kanter (14105748),Enes Kanter,14105748,CPT,10200,BOS@PHI 01/09/2020 07:00PM ET,BOS,23.13
PG/SG,Marcus Smart (14105749),Marcus Smart,14105749,CPT,9900,BOS@PHI 01/09/2020 07:00PM ET,BOS,26.62
SF/PF,Tobias Harris (14105707),Tobias Harris,14105707,UTIL,9200,BOS@PHI 01/09/2020 07:00PM ET,PHI,35.08
PF/C,Kyle O'Quinn (14105750),Kyle O'Quinn,14105750,CPT,8700,BOS@PHI 01/09/2020 07:00PM ET,PHI,11.67
SF/PF,Jayson Tatum (14105708),Jayson Tatum,14105708,UTIL,8600,BOS@PHI 01/09/2020 07:00PM ET,BOS,38.18
SF/PF,Gordon Hayward (14105709),Gordon Hayward,14105709,UTIL,8400,BOS@PHI 01/09/2020 07:00PM ET,BOS,33.41
PG,Kemba Walker (14105710),Kemba Walker,14105710,UTIL,8200,BOS@PHI 01/09/2020 07:00PM ET,BOS,38.18
SG/SF,Jaylen Brown (14105711),Jaylen Brown,14105711,UTIL,7800,BOS@PHI 01/09/2020 07:00PM ET,BOS,35.71
PF/C,Daniel Theis (14105751),Daniel Theis,14105751,CPT,7500,BOS@PHI 01/09/2020 07:00PM ET,BOS,20.92
PF/C,Al Horford (14105712),Al Horford,14105712,UTIL,7400,BOS@PHI 01/09/2020 07:00PM ET,PHI,30.02
SG/SF,Josh Richardson (14105713),Josh Richardson,14105713,UTIL,7000,BOS@PHI 01/09/2020 07:00PM ET,PHI,27.72
SF/PF,Mike Scott (14105752),Mike Scott,14105752,CPT,6900,BOS@PHI 01/09/2020 07:00PM ET,PHI,11.97
C,Enes Kanter (14105714),Enes Kanter,14105714,UTIL,6800,BOS@PHI 01/09/2020 07:00PM ET,BOS,23.13
PG/SG,Marcus Smart (14105715),Marcus Smart,14105715,UTIL,6600,BOS@PHI 01/09/2020 07:00PM ET,BOS,26.62
SF/PF,James Ennis III (14105753),James Ennis III,14105753,CPT,6000,BOS@PHI 01/09/2020 07:00PM ET,PHI,14.01
PF/C,Kyle O'Quinn (14105716),Kyle O'Quinn,14105716,UTIL,5800,BOS@PHI 01/09/2020 07:00PM ET,PHI,11.67
SG/SF,Furkan Korkmaz (14105754),Furkan Korkmaz,14105754,CPT,5100,BOS@PHI 01/09/2020 07:00PM ET,PHI,14.15
PF/C,Daniel Theis (14105717),Daniel Theis,14105717,UTIL,5000,BOS@PHI 01/09/2020 07:00PM ET,BOS,20.92
SF/PF,Mike Scott (14105718),Mike Scott,14105718,UTIL,4600,BOS@PHI 01/09/2020 07:00PM ET,PHI,11.97
PG/SG,Trey Burke (14105755),Trey Burke,14105755,CPT,4200,BOS@PHI 01/09/2020 07:00PM ET,PHI,13.90
SF/PF,James Ennis III (14105719),James Ennis III,14105719,UTIL,4000,BOS@PHI 01/09/2020 07:00PM ET,PHI,14.01
SG/SF,Furkan Korkmaz (14105720),Furkan Korkmaz,14105720,UTIL,3400,BOS@PHI 01/09/2020 07:00PM ET,PHI,14.15
PG/SG,Brad Wanamaker (14105756),Brad Wanamaker,14105756,CPT,3300,BOS@PHI 01/09/2020 07:00PM ET,BOS,14.79
SF/PF,Grant Williams (14105757),Grant Williams,14105757,CPT,3000,BOS@PHI 01/09/2020 07:00PM ET,BOS,9.27
PG/SG,Trey Burke (14105721),Trey Burke,14105721,UTIL,2800,BOS@PHI 01/09/2020 07:00PM ET,PHI,13.90
PG/SG,Brad Wanamaker (14105722),Brad Wanamaker,14105722,UTIL,2200,BOS@PHI 01/09/2020 07:00PM ET,BOS,14.79
PG/SG,Shake Milton (14105758),Shake Milton,14105758,CPT,2100,BOS@PHI 01/09/2020 07:00PM ET,PHI,6.89
SG/SF,Matisse Thybulle (14105759),Matisse Thybulle,14105759,CPT,2100,BOS@PHI 01/09/2020 07:00PM ET,PHI,12.4
SF/PF,Grant Williams (14105723),Grant Williams,14105723,UTIL,2000,BOS@PHI 01/09/2020 07:00PM ET,BOS,9.27
C,Vincent Poirier (14105760),Vincent Poirier,14105760,CPT,1800,BOS@PHI 01/09/2020 07:00PM ET,BOS,4.97
PG,Tremont Waters (14105761),Tremont Waters,14105761,CPT,1800,BOS@PHI 01/09/2020 07:00PM ET,BOS,8.35
C,Norvel Pelle (14105762),Norvel Pelle,14105762,CPT,1500,BOS@PHI 01/09/2020 07:00PM ET,PHI,8.75
C,Tacko Fall (14105763),Tacko Fall,14105763,CPT,1500,BOS@PHI 01/09/2020 07:00PM ET,BOS,8.5
PF/C,Robert Williams (14105764),Robert Williams,14105764,CPT,1500,BOS@PHI 01/09/2020 07:00PM ET,BOS,14.86
PG,Raul Neto (14105765),Raul Neto,14105765,CPT,1500,BOS@PHI 01/09/2020 07:00PM ET,PHI,8.32
PG,Carsen Edwards (14105766),Carsen Edwards,14105766,CPT,1500,BOS@PHI 01/09/2020 07:00PM ET,BOS,7.11
SG,Javonte Green (14105767),Javonte Green,14105767,CPT,1500,BOS@PHI 01/09/2020 07:00PM ET,BOS,6.05
SG/SF,Romeo Langford (14105768),Romeo Langford,14105768,CPT,1500,BOS@PHI 01/09/2020 07:00PM ET,BOS,5.5
SF/PF,Semi Ojeleye (14105769),Semi Ojeleye,14105769,CPT,1500,BOS@PHI 01/09/2020 07:00PM ET,BOS,6.63
PF/C,Jonah Bolden (14105770),Jonah Bolden,14105770,CPT,1500,BOS@PHI 01/09/2020 07:00PM ET,PHI,1.75
SG/SF,Zhaire Smith (14105771),Zhaire Smith,14105771,CPT,1500,BOS@PHI 01/09/2020 07:00PM ET,PHI,0
SG/SF,Marial Shayok (14105772),Marial Shayok,14105772,CPT,1500,BOS@PHI 01/09/2020 07:00PM ET,PHI,0
PG/SG,Shake Milton (14105724),Shake Milton,14105724,UTIL,1400,BOS@PHI 01/09/2020 07:00PM ET,PHI,6.89
SG/SF,Matisse Thybulle (14105725),Matisse Thybulle,14105725,UTIL,1400,BOS@PHI 01/09/2020 07:00PM ET,PHI,12.4
C,Vincent Poirier (14105726),Vincent Poirier,14105726,UTIL,1200,BOS@PHI 01/09/2020 07:00PM ET,BOS,4.97
PG,Tremont Waters (14105727),Tremont Waters,14105727,UTIL,1200,BOS@PHI 01/09/2020 07:00PM ET,BOS,8.35
C,Norvel Pelle (14105728),Norvel Pelle,14105728,UTIL,1000,BOS@PHI 01/09/2020 07:00PM ET,PHI,8.75
C,Tacko Fall (14105729),Tacko Fall,14105729,UTIL,1000,BOS@PHI 01/09/2020 07:00PM ET,BOS,8.5
PF/C,Robert Williams (14105730),Robert Williams,14105730,UTIL,1000,BOS@PHI 01/09/2020 07:00PM ET,BOS,14.86
PG,Raul Neto (14105731),Raul Neto,14105731,UTIL,1000,BOS@PHI 01/09/2020 07:00PM ET,PHI,8.32
PG,Carsen Edwards (14105732),Carsen Edwards,14105732,UTIL,1000,BOS@PHI 01/09/2020 07:00PM ET,BOS,7.11
SG,Javonte Green (14105733),Javonte Green,14105733,UTIL,1000,BOS@PHI 01/09/2020 07:00PM ET,BOS,6.05
SG/SF,Romeo Langford (14105734),Romeo Langford,14105734,UTIL,1000,BOS@PHI 01/09/2020 07:00PM ET,BOS,5.5
SF/PF,Semi Ojeleye (14105735),Semi Ojeleye,14105735,UTIL,1000,BOS@PHI 01/09/2020 07:00PM ET,BOS,6.63
PF/C,Jonah Bolden (14105736),Jonah Bolden,14105736,UTIL,1000,BOS@PHI 01/09/2020 07:00PM ET,PHI,1.75
SG/SF,Zhaire Smith (14105737),Zhaire Smith,14105737,UTIL,1000,BOS@PHI 01/09/2020 07:00PM ET,PHI,0
SG/SF,Marial Shayok (14105738),Marial Shayok,14105738,UTIL,1000,BOS@PHI 01/09/2020 07:00PM ET,PHI,0
