Position,Name + ID,Name,ID,Roster Position,Salary,Game Info,TeamAbbrev,AvgPointsPerGame
C,Nikola Jokic (14081954),Nikola Jokic,14081954,CPT,16500,DEN@WAS 01/04/2020 08:00PM ET,DEN,43.90
SG/SF,Bradley Beal (14081955),Bradley Beal,14081955,CPT,14700,DEN@WAS 01/04/2020 08:00PM ET,WAS,46.46
PG/SG,Jamal Murray (14081956),Jamal Murray,14081956,CPT,13500,DEN@WAS 01/04/2020 08:00PM ET,DEN,32.63
PG/SF,Will Barton (14081957),Will Barton,14081957,CPT,12900,DEN@WAS 01/04/2020 08:00PM ET,DEN,32.57
SF/PF,Davis Bertans (14081958),Davis Bertans,14081958,CPT,11400,DEN@WAS 01/04/2020 08:00PM ET,WAS,28.23
PG/SG,Jordan McRae (14081959),Jordan McRae,14081959,CPT,11100,DEN@WAS 01/04/2020 08:00PM ET,WAS,23.33
C,Nikola Jokic (14081919),Nikola Jokic,14081919,UTIL,11000,DEN@WAS 01/04/2020 08:00PM ET,DEN,43.90
SG/SF,Troy Brown (14081960),Troy Brown,14081960,CPT,10500,DEN@WAS 01/04/2020 08:00PM ET,WAS,22.20
PF/C,Paul Millsap (14081961),Paul Millsap,14081961,CPT,10200,DEN@WAS 01/04/2020 08:00PM ET,DEN,25.01
SG/SF,Bradley Beal (14081920),Bradley Beal,14081920,UTIL,9800,DEN@WAS 01/04/2020 08:00PM ET,WAS,46.46
PF/C,Thomas Bryant (14081962),Thomas Bryant,14081962,CPT,9300,DEN@WAS 01/04/2020 08:00PM ET,WAS,31.49
PG/SG,Jamal Murray (14081921),Jamal Murray,14081921,UTIL,9000,DEN@WAS 01/04/2020 08:00PM ET,DEN,32.63
PG,Isaiah Thomas (14081963),Isaiah Thomas,14081963,CPT,9000,DEN@WAS 01/04/2020 08:00PM ET,WAS,23
PF/C,Rui Hachimura (14081964),Rui Hachimura,14081964,CPT,8700,DEN@WAS 01/04/2020 08:00PM ET,WAS,25.17
PG/SF,Will Barton (14081922),Will Barton,14081922,UTIL,8600,DEN@WAS 01/04/2020 08:00PM ET,DEN,32.57
C,Ian Mahinmi (14081965),Ian Mahinmi,14081965,CPT,8400,DEN@WAS 01/04/2020 08:00PM ET,WAS,20.5
SG,Gary Harris (14081966),Gary Harris,14081966,CPT,8100,DEN@WAS 01/04/2020 08:00PM ET,DEN,21.82
PF/C,Moritz Wagner (14081967),Moritz Wagner,14081967,CPT,7800,DEN@WAS 01/04/2020 08:00PM ET,WAS,23.49
SF/PF,Davis Bertans (14081923),Davis Bertans,14081923,UTIL,7600,DEN@WAS 01/04/2020 08:00PM ET,WAS,28.23
PG,Ish Smith (14081968),Ish Smith,14081968,CPT,7500,DEN@WAS 01/04/2020 08:00PM ET,WAS,22.54
PG/SG,Jordan McRae (14081924),Jordan McRae,14081924,UTIL,7400,DEN@WAS 01/04/2020 08:00PM ET,WAS,23.33
SG/SF,Troy Brown (14081925),Troy Brown,14081925,UTIL,7000,DEN@WAS 01/04/2020 08:00PM ET,WAS,22.20
PG/SG,Gary Payton II (14081969),Gary Payton II,14081969,CPT,6900,DEN@WAS 01/04/2020 08:00PM ET,WAS,25.12
PF/C,Paul Millsap (14081926),Paul Millsap,14081926,UTIL,6800,DEN@WAS 01/04/2020 08:00PM ET,DEN,25.01
SF/PF,Michael Porter Jr. (14081970),Michael Porter Jr.,14081970,CPT,6600,DEN@WAS 01/04/2020 08:00PM ET,DEN,11.25
PF/C,Mason Plumlee (14081971),Mason Plumlee,14081971,CPT,6300,DEN@WAS 01/04/2020 08:00PM ET,DEN,19.38
PF/C,Thomas Bryant (14081927),Thomas Bryant,14081927,UTIL,6200,DEN@WAS 01/04/2020 08:00PM ET,WAS,31.49
PG,Isaiah Thomas (14081928),Isaiah Thomas,14081928,UTIL,6000,DEN@WAS 01/04/2020 08:00PM ET,WAS,23
PF/C,Jerami Grant (14081972),Jerami Grant,14081972,CPT,6000,DEN@WAS 01/04/2020 08:00PM ET,DEN,17.57
PF/C,Rui Hachimura (14081929),Rui Hachimura,14081929,UTIL,5800,DEN@WAS 01/04/2020 08:00PM ET,WAS,25.17
PG,Monte Morris (14081973),Monte Morris,14081973,CPT,5700,DEN@WAS 01/04/2020 08:00PM ET,DEN,15.76
C,Ian Mahinmi (14081930),Ian Mahinmi,14081930,UTIL,5600,DEN@WAS 01/04/2020 08:00PM ET,WAS,20.5
SG,Gary Harris (14081931),Gary Harris,14081931,UTIL,5400,DEN@WAS 01/04/2020 08:00PM ET,DEN,21.82
PF/C,Moritz Wagner (14081932),Moritz Wagner,14081932,UTIL,5200,DEN@WAS 01/04/2020 08:00PM ET,WAS,23.49
PG,Ish Smith (14081933),Ish Smith,14081933,UTIL,5000,DEN@WAS 01/04/2020 08:00PM ET,WAS,22.54
PG/SG,Gary Payton II (14081934),Gary Payton II,14081934,UTIL,4600,DEN@WAS 01/04/2020 08:00PM ET,WAS,25.12
C,Anzejs Pasecniks (14081974),Anzejs Pasecniks,14081974,CPT,4500,DEN@WAS 01/04/2020 08:00PM ET,WAS,17.42
SF/PF,Michael Porter Jr. (14081935),Michael Porter Jr.,14081935,UTIL,4400,DEN@WAS 01/04/2020 08:00PM ET,DEN,11.25
PF/C,Mason Plumlee (14081936),Mason Plumlee,14081936,UTIL,4200,DEN@WAS 01/04/2020 08:00PM ET,DEN,19.38
PF/C,Jerami Grant (14081937),Jerami Grant,14081937,UTIL,4000,DEN@WAS 01/04/2020 08:00PM ET,DEN,17.57
PG,Monte Morris (14081938),Monte Morris,14081938,UTIL,3800,DEN@WAS 01/04/2020 08:00PM ET,DEN,15.76
SG/SF,Torrey Craig (14081975),Torrey Craig,14081975,CPT,3600,DEN@WAS 01/04/2020 08:00PM ET,DEN,8.27
PF/C,Johnathan Williams (14081976),Johnathan Williams,14081976,CPT,3300,DEN@WAS 01/04/2020 08:00PM ET,WAS,14.2
C,Anzejs Pasecniks (14081939),Anzejs Pasecniks,14081939,UTIL,3000,DEN@WAS 01/04/2020 08:00PM ET,WAS,17.42
SG/SF,Torrey Craig (14081940),Torrey Craig,14081940,UTIL,2400,DEN@WAS 01/04/2020 08:00PM ET,DEN,8.27
PG/SG,Malik Beasley (14081977),Malik Beasley,14081977,CPT,2400,DEN@WAS 01/04/2020 08:00PM ET,DEN,11.72
PF/C,Johnathan Williams (14081941),Johnathan Williams,14081941,UTIL,2200,DEN@WAS 01/04/2020 08:00PM ET,WAS,14.2
SG/SF,Garrison Mathews (14081978),Garrison Mathews,14081978,CPT,2100,DEN@WAS 01/04/2020 08:00PM ET,WAS,10.5
SF,Isaac Bonga (14081979),Isaac Bonga,14081979,CPT,1800,DEN@WAS 01/04/2020 08:00PM ET,WAS,10.12
PG/SG,Malik Beasley (14081942),Malik Beasley,14081942,UTIL,1600,DEN@WAS 01/04/2020 08:00PM ET,DEN,11.72
SG/SF,C.J. Miles (14081980),C.J. Miles,14081980,CPT,1500,DEN@WAS 01/04/2020 08:00PM ET,WAS,12.85
PG,Justin Robinson (14081981),Justin Robinson,14081981,CPT,1500,DEN@WAS 01/04/2020 08:00PM ET,WAS,3.53
SF/PF,Jarred Vanderbilt (14081982),Jarred Vanderbilt,14081982,CPT,1500,DEN@WAS 01/04/2020 08:00PM ET,DEN,1.25
SF/PF,Juancho Hernangomez (14081983),Juancho Hernangomez,14081983,CPT,1500,DEN@WAS 01/04/2020 08:00PM ET,DEN,7.68
SF/PF,Admiral Schofield (14081984),Admiral Schofield,14081984,CPT,1500,DEN@WAS 01/04/2020 08:00PM ET,WAS,6.46
SF,Vlatko Cancar (14081985),Vlatko Cancar,14081985,CPT,1500,DEN@WAS 01/04/2020 08:00PM ET,DEN,1.19
SG/SF,PJ Dozier (14081986),PJ Dozier,14081986,CPT,1500,DEN@WAS 01/04/2020 08:00PM ET,DEN,0
PG,John Wall (14081987),John Wall,14081987,CPT,1500,DEN@WAS 01/04/2020 08:00PM ET,WAS,0
C,Bol Bol (14081988),Bol Bol,14081988,CPT,1500,DEN@WAS 01/04/2020 08:00PM ET,DEN,0
SG/SF,Garrison Mathews (14081943),Garrison Mathews,14081943,UTIL,1400,DEN@WAS 01/04/2020 08:00PM ET,WAS,10.5
SF,Isaac Bonga (14081944),Isaac Bonga,14081944,UTIL,1200,DEN@WAS 01/04/2020 08:00PM ET,WAS,10.12
SG/SF,C.J. Miles (14081945),C.J. Miles,14081945,UTIL,1000,DEN@WAS 01/04/2020 08:00PM ET,WAS,12.85
PG,Justin Robinson (14081946),Justin Robinson,14081946,UTIL,1000,DEN@WAS 01/04/2020 08:00PM ET,WAS,3.53
SF/PF,Jarred Vanderbilt (14081947),Jarred Vanderbilt,14081947,UTIL,1000,DEN@WAS 01/04/2020 08:00PM ET,DEN,1.25
SF/PF,Juancho Hernangomez (14081948),Juancho Hernangomez,14081948,UTIL,1000,DEN@WAS 01/04/2020 08:00PM ET,DEN,7.68
SF/PF,Admiral Schofield (14081949),Admiral Schofield,14081949,UTIL,1000,DEN@WAS 01/04/2020 08:00PM ET,WAS,6.46
SF,Vlatko Cancar (14081950),Vlatko Cancar,14081950,UTIL,1000,DEN@WAS 01/04/2020 08:00PM ET,DEN,1.19
SG/SF,PJ Dozier (14081951),PJ Dozier,14081951,UTIL,1000,DEN@WAS 01/04/2020 08:00PM ET,DEN,0
PG,John Wall (14081952),John Wall,14081952,UTIL,1000,DEN@WAS 01/04/2020 08:00PM ET,WAS,0
C,Bol Bol (14081953),Bol Bol,14081953,UTIL,1000,DEN@WAS 01/04/2020 08:00PM ET,DEN,0
