Position,Name + ID,Name,ID,Roster Position,Salary,Game Info,TeamAbbrev,AvgPointsPerGame
PF,Giannis Antetokounmpo (14158613),Giannis Antetokounmpo,14158613,PF/F/UTIL,11200,CHI@MIL 01/20/2020 05:00PM ET,MIL,59.29
PG/SG,James Harden (14158616),James Harden,14158616,PG/SG/G/UTIL,11000,OKC@HOU 01/20/2020 05:00PM ET,HOU,61.86
PG,Russell Westbrook (14158620),Russell Westbrook,14158620,PG/G/UTIL,9800,OKC@HOU 01/20/2020 05:00PM ET,HOU,49.05
C,Joel Embiid (14158623),Joel Embiid,14158623,C/UTIL,9700,PHI@BKN 01/20/2020 03:00PM ET,PHI,48.26
C,Andre Drummond (14158625),Andre Drummond,14158625,C/UTIL,9600,DET@WAS 01/20/2020 02:00PM ET,DET,48.16
PG,Trae Young (14158627),Trae Young,14158627,PG/G/UTIL,9500,TOR@ATL 01/20/2020 02:30PM ET,ATL,49.93
PG/SF,Ben Simmons (14158630),Ben Simmons,14158630,PG/SF/F/G/UTIL,9100,PHI@BKN 01/20/2020 03:00PM ET,PHI,42.64
SF/PF,Brandon Ingram (14158635),Brandon Ingram,14158635,SF/PF/F/UTIL,8800,NO@MEM 01/20/2020 05:00PM ET,NO,44.05
SG,Zach LaVine (14158639),Zach LaVine,14158639,SG/G/UTIL,8700,CHI@MIL 01/20/2020 05:00PM ET,CHI,40.61
PG,De'Aaron Fox (14158642),De'Aaron Fox,14158642,PG/G/UTIL,8600,SAC@MIA 01/20/2020 05:00PM ET,SAC,38.64
C,Bam Adebayo (14158645),Bam Adebayo,14158645,C/UTIL,8500,SAC@MIA 01/20/2020 05:00PM ET,MIA,40.54
C,Nikola Vucevic (14158647),Nikola Vucevic,14158647,C/UTIL,8400,ORL@CHA 01/20/2020 05:00PM ET,ORL,42.40
SG/SF,Jimmy Butler (14158649),Jimmy Butler,14158649,SG/SF/F/G/UTIL,8300,SAC@MIA 01/20/2020 05:00PM ET,MIA,43.12
PG,Ja Morant (14158654),Ja Morant,14158654,PG/G/UTIL,8200,NO@MEM 01/20/2020 05:00PM ET,MEM,34.54
C,Clint Capela (14158657),Clint Capela,14158657,C/UTIL,8100,OKC@HOU 01/20/2020 05:00PM ET,HOU,40.10
PG,Kyle Lowry (14158659),Kyle Lowry,14158659,PG/G/UTIL,8000,TOR@ATL 01/20/2020 02:30PM ET,TOR,41.32
PF,Kevin Love (14158662),Kevin Love,14158662,PF/F/UTIL,7900,NY@CLE 01/20/2020 05:00PM ET,CLE,36.90
PG,Kyrie Irving (14158665),Kyrie Irving,14158665,PG/G/UTIL,7800,PHI@BKN 01/20/2020 03:00PM ET,BKN,48.03
PF/C,Julius Randle (14158668),Julius Randle,14158668,PF/C/F/UTIL,7700,NY@CLE 01/20/2020 05:00PM ET,NY,37.10
SF/PF,Tobias Harris (14158672),Tobias Harris,14158672,SF/PF/F/UTIL,7600,PHI@BKN 01/20/2020 03:00PM ET,PHI,35.28
PF/C,Pascal Siakam (14158676),Pascal Siakam,14158676,PF/C/F/UTIL,7500,TOR@ATL 01/20/2020 02:30PM ET,TOR,42.77
PG/SG,Shai Gilgeous-Alexander (14158680),Shai Gilgeous-Alexander,14158680,PG/SG/G/UTIL,7400,OKC@HOU 01/20/2020 05:00PM ET,OKC,34.98
PF/C,Al Horford (14158689),Al Horford,14158689,PF/C/F/UTIL,7300,PHI@BKN 01/20/2020 03:00PM ET,PHI,30.71
SG/SF,Bradley Beal (14158684),Bradley Beal,14158684,SG/SF/F/G/UTIL,7300,DET@WAS 01/20/2020 02:00PM ET,WAS,45
PF/C,John Collins (14158693),John Collins,14158693,PF/C/F/UTIL,7300,TOR@ATL 01/20/2020 02:30PM ET,ATL,37.52
PG/SG,Derrick Rose (14158697),Derrick Rose,14158697,PG/SG/G/UTIL,7200,DET@WAS 01/20/2020 02:00PM ET,DET,31.84
PG/SG,Jrue Holiday (14158701),Jrue Holiday,14158701,PG/SG/G/UTIL,7200,NO@MEM 01/20/2020 05:00PM ET,NO,39.90
PF/C,Zion Williamson (14158705),Zion Williamson,14158705,PF/C/F/UTIL,7200,NO@MEM 01/20/2020 05:00PM ET,NO,0
PG,Devonte' Graham (14158709),Devonte' Graham,14158709,PG/G/UTIL,7100,ORL@CHA 01/20/2020 05:00PM ET,CHA,37.97
C,Jonas Valanciunas (14158712),Jonas Valanciunas,14158712,C/UTIL,7100,NO@MEM 01/20/2020 05:00PM ET,MEM,33.48
PG/SG,Terry Rozier (14158717),Terry Rozier,14158717,PG/SG/G/UTIL,7000,ORL@CHA 01/20/2020 05:00PM ET,CHA,33.01
PG,Lonzo Ball (14158714),Lonzo Ball,14158714,PG/G/UTIL,7000,NO@MEM 01/20/2020 05:00PM ET,NO,32.25
PF,Nemanja Bjelica (14158724),Nemanja Bjelica,14158724,PF/F/UTIL,6800,SAC@MIA 01/20/2020 05:00PM ET,SAC,27.40
SF,Khris Middleton (14158721),Khris Middleton,14158721,SF/F/UTIL,6800,CHI@MIL 01/20/2020 05:00PM ET,MIL,34.74
PG,Chris Paul (14158727),Chris Paul,14158727,PG/G/UTIL,6800,OKC@HOU 01/20/2020 05:00PM ET,OKC,36.04
PG/SG,Spencer Dinwiddie (14158730),Spencer Dinwiddie,14158730,PG/SG/G/UTIL,6700,PHI@BKN 01/20/2020 03:00PM ET,BKN,37.12
PG/SG,Fred VanVleet (14158734),Fred VanVleet,14158734,PG/SG/G/UTIL,6700,TOR@ATL 01/20/2020 02:30PM ET,TOR,38.44
SF/PF,Danilo Gallinari (14158742),Danilo Gallinari,14158742,SF/PF/F/UTIL,6600,OKC@HOU 01/20/2020 05:00PM ET,OKC,31.90
PF/C,Derrick Favors (14158738),Derrick Favors,14158738,PF/C/F/UTIL,6600,NO@MEM 01/20/2020 05:00PM ET,NO,28.96
C,Steven Adams (14158746),Steven Adams,14158746,C/UTIL,6500,OKC@HOU 01/20/2020 05:00PM ET,OKC,31.53
SG/SF,Buddy Hield (14158752),Buddy Hield,14158752,SG/SF/F/G/UTIL,6400,SAC@MIA 01/20/2020 05:00PM ET,SAC,33.84
SG/SF,Josh Richardson (14158757),Josh Richardson,14158757,SG/SF/F/G/UTIL,6400,PHI@BKN 01/20/2020 03:00PM ET,PHI,27.88
C,Tristan Thompson (14158748),Tristan Thompson,14158748,C/UTIL,6400,NY@CLE 01/20/2020 05:00PM ET,CLE,31.88
C,Serge Ibaka (14158750),Serge Ibaka,14158750,C/UTIL,6400,TOR@ATL 01/20/2020 02:30PM ET,TOR,30.11
PG/SG,Dennis Schroder (14158762),Dennis Schroder,14158762,PG/SG/G/UTIL,6300,OKC@HOU 01/20/2020 05:00PM ET,OKC,29.98
PG/SG,Markelle Fultz (14158766),Markelle Fultz,14158766,PG/SG/G/UTIL,6300,ORL@CHA 01/20/2020 05:00PM ET,ORL,25.41
PG,Eric Bledsoe (14158774),Eric Bledsoe,14158774,PG/G/UTIL,6200,CHI@MIL 01/20/2020 05:00PM ET,MIL,30.83
PF/C,Jaren Jackson Jr. (14158770),Jaren Jackson Jr.,14158770,PF/C/F/UTIL,6200,NO@MEM 01/20/2020 05:00PM ET,MEM,30.68
PG/SG,Collin Sexton (14158777),Collin Sexton,14158777,PG/SG/G/UTIL,6100,NY@CLE 01/20/2020 05:00PM ET,CLE,28.36
SG/SF,Norman Powell (14158781),Norman Powell,14158781,SG/SF/F/G/UTIL,6100,TOR@ATL 01/20/2020 02:30PM ET,TOR,26.29
PF/C,Lauri Markkanen (14158786),Lauri Markkanen,14158786,PF/C/F/UTIL,6000,CHI@MIL 01/20/2020 05:00PM ET,CHI,28.63
SF/PF,Aaron Gordon (14158790),Aaron Gordon,14158790,SF/PF/F/UTIL,6000,ORL@CHA 01/20/2020 05:00PM ET,ORL,29.40
SF/PF,Jonathan Isaac (14158794),Jonathan Isaac,14158794,SF/PF/F/UTIL,6000,ORL@CHA 01/20/2020 05:00PM ET,ORL,30.70
C,Jarrett Allen (14158798),Jarrett Allen,14158798,C/UTIL,5900,PHI@BKN 01/20/2020 03:00PM ET,BKN,29.57
C,Marc Gasol (14158800),Marc Gasol,14158800,C/UTIL,5900,TOR@ATL 01/20/2020 02:30PM ET,TOR,24.68
PG/SG,Kendrick Nunn (14158802),Kendrick Nunn,14158802,PG/SG/G/UTIL,5800,SAC@MIA 01/20/2020 05:00PM ET,MIA,27.16
SG,RJ Barrett (14158811),RJ Barrett,14158811,SG/G/UTIL,5800,NY@CLE 01/20/2020 05:00PM ET,NY,26.76
SG/SF,Dillon Brooks (14158806),Dillon Brooks,14158806,SG/SF/F/G/UTIL,5800,NO@MEM 01/20/2020 05:00PM ET,MEM,25.54
SF/PF,Harrison Barnes (14158817),Harrison Barnes,14158817,SF/PF/F/UTIL,5700,SAC@MIA 01/20/2020 05:00PM ET,SAC,26.32
C,Richaun Holmes (14158821),Richaun Holmes,14158821,C/UTIL,5700,SAC@MIA 01/20/2020 05:00PM ET,SAC,30.01
C,Wendell Carter Jr. (14158823),Wendell Carter Jr.,14158823,C/UTIL,5700,CHI@MIL 01/20/2020 05:00PM ET,CHI,29.16
SG,Luke Kennard (14158814),Luke Kennard,14158814,SG/G/UTIL,5700,DET@WAS 01/20/2020 02:00PM ET,DET,28.14
SG,Kevin Huerter (14158825),Kevin Huerter,14158825,SG/G/UTIL,5700,TOR@ATL 01/20/2020 02:30PM ET,ATL,24.75
PF,Davis Bertans (14158828),Davis Bertans,14158828,PF/F/UTIL,5600,DET@WAS 01/20/2020 02:00PM ET,WAS,27.86
SG/SF,Evan Fournier (14158831),Evan Fournier,14158831,SG/SF/F/G/UTIL,5600,ORL@CHA 01/20/2020 05:00PM ET,ORL,29.80
SF/PF,Marcus Morris Sr. (14158836),Marcus Morris Sr.,14158836,SF/PF/F/UTIL,5600,NY@CLE 01/20/2020 05:00PM ET,NY,31.34
SG/SF,Svi Mykhailiuk (14158844),Svi Mykhailiuk,14158844,SG/SF/F/G/UTIL,5500,DET@WAS 01/20/2020 02:00PM ET,DET,14.59
SF/PF,OG Anunoby (14158840),OG Anunoby,14158840,SF/PF/F/UTIL,5500,TOR@ATL 01/20/2020 02:30PM ET,TOR,24.66
PF/C,Marvin Bagley III (14158858),Marvin Bagley III,14158858,PF/C/F/UTIL,5400,SAC@MIA 01/20/2020 05:00PM ET,SAC,26.29
PF/C,PJ Washington (14158849),PJ Washington,14158849,PF/C/F/UTIL,5400,ORL@CHA 01/20/2020 05:00PM ET,CHA,26.12
SG/SF,Terrence Ross (14158853),Terrence Ross,14158853,SG/SF/F/G/UTIL,5400,ORL@CHA 01/20/2020 05:00PM ET,ORL,21.73
PG,Goran Dragic (14158862),Goran Dragic,14158862,PG/G/UTIL,5300,SAC@MIA 01/20/2020 05:00PM ET,MIA,28.03
SF/PF,Sekou Doumbouya (14158865),Sekou Doumbouya,14158865,SF/PF/F/UTIL,5300,DET@WAS 01/20/2020 02:00PM ET,DET,14.22
PG,Elfrid Payton (14158869),Elfrid Payton,14158869,PG/G/UTIL,5300,NY@CLE 01/20/2020 05:00PM ET,NY,25.14
PF/C,Luke Kornet (14158876),Luke Kornet,14158876,PF/C/F/UTIL,5200,CHI@MIL 01/20/2020 05:00PM ET,CHI,9.86
SF/PF,Troy Brown Jr. (14158872),Troy Brown Jr.,14158872,SF/PF/F/UTIL,5200,DET@WAS 01/20/2020 02:00PM ET,WAS,24.09
PG,Ish Smith (14158880),Ish Smith,14158880,PG/G/UTIL,5200,DET@WAS 01/20/2020 02:00PM ET,WAS,23.98
SG/SF,Bogdan Bogdanovic (14158890),Bogdan Bogdanovic,14158890,SG/SF/F/G/UTIL,5100,SAC@MIA 01/20/2020 05:00PM ET,SAC,26.48
PF,Taurean Prince (14158887),Taurean Prince,14158887,PF/F/UTIL,5100,PHI@BKN 01/20/2020 03:00PM ET,BKN,26.52
C,Moritz Wagner (14158883),Moritz Wagner,14158883,C/UTIL,5100,DET@WAS 01/20/2020 02:00PM ET,WAS,23.49
C,Rui Hachimura (14158885),Rui Hachimura,14158885,C/UTIL,5100,DET@WAS 01/20/2020 02:00PM ET,WAS,25.17
C,Mitchell Robinson (14158895),Mitchell Robinson,14158895,C/UTIL,5100,NY@CLE 01/20/2020 05:00PM ET,NY,23.90
PG,Tomas Satoransky (14158897),Tomas Satoransky,14158897,PG/G/UTIL,5000,CHI@MIL 01/20/2020 05:00PM ET,CHI,25.22
SF/PF,Otto Porter Jr. (14158903),Otto Porter Jr.,14158903,SF/PF/F/UTIL,5000,CHI@MIL 01/20/2020 05:00PM ET,CHI,21.03
PG,Darius Garland (14158900),Darius Garland,14158900,PG/G/UTIL,5000,NY@CLE 01/20/2020 05:00PM ET,CLE,21.35
C,Ian Mahinmi (14158907),Ian Mahinmi,14158907,C/UTIL,4900,DET@WAS 01/20/2020 02:00PM ET,WAS,21.04
PG/SG,Jordan McRae (14158909),Jordan McRae,14158909,PG/SG/G/UTIL,4900,DET@WAS 01/20/2020 02:00PM ET,WAS,24.3
SF,Jae Crowder (14158913),Jae Crowder,14158913,SF/F/UTIL,4900,NO@MEM 01/20/2020 05:00PM ET,MEM,25.86
PF/C,Brandon Clarke (14158916),Brandon Clarke,14158916,PF/C/F/UTIL,4900,NO@MEM 01/20/2020 05:00PM ET,MEM,24.17
PG/SG,De'Anthony Melton (14158920),De'Anthony Melton,14158920,PG/SG/G/UTIL,4900,NO@MEM 01/20/2020 05:00PM ET,MEM,20.26
PG/SF,Bruce Brown (14158924),Bruce Brown,14158924,PG/SF/F/G/UTIL,4800,DET@WAS 01/20/2020 02:00PM ET,DET,22.74
SG/SF,JJ Redick (14158929),JJ Redick,14158929,SG/SF/F/G/UTIL,4800,NO@MEM 01/20/2020 05:00PM ET,NO,24.39
SG/SF,Duncan Robinson (14158934),Duncan Robinson,14158934,SG/SF/F/G/UTIL,4700,SAC@MIA 01/20/2020 05:00PM ET,MIA,20.48
C,Daniel Gafford (14158952),Daniel Gafford,14158952,C/UTIL,4700,CHI@MIL 01/20/2020 05:00PM ET,CHI,11.40
SG/SF,Eric Gordon (14158939),Eric Gordon,14158939,SG/SF/F/G/UTIL,4700,OKC@HOU 01/20/2020 05:00PM ET,HOU,20.06
PF/C,Markieff Morris (14158948),Markieff Morris,14158948,PF/C/F/UTIL,4700,DET@WAS 01/20/2020 02:00PM ET,DET,19.94
SF/PF,Miles Bridges (14158944),Miles Bridges,14158944,SF/PF/F/UTIL,4700,ORL@CHA 01/20/2020 05:00PM ET,CHA,24.66
PG,Jeff Teague (14158954),Jeff Teague,14158954,PG/G/UTIL,4700,TOR@ATL 01/20/2020 02:30PM ET,ATL,27.44
C,Brook Lopez (14158962),Brook Lopez,14158962,C/UTIL,4600,CHI@MIL 01/20/2020 05:00PM ET,MIL,25.38
PF,Thaddeus Young (14158964),Thaddeus Young,14158964,PF/F/UTIL,4600,CHI@MIL 01/20/2020 05:00PM ET,CHI,19.74
PG/SF,Kris Dunn (14158967),Kris Dunn,14158967,PG/SF/F/G/UTIL,4600,CHI@MIL 01/20/2020 05:00PM ET,CHI,20.65
C,Nerlens Noel (14158972),Nerlens Noel,14158972,C/UTIL,4600,OKC@HOU 01/20/2020 05:00PM ET,OKC,21.15
PG/SF,Caris LeVert (14158957),Caris LeVert,14158957,PG/SF/F/G/UTIL,4600,PHI@BKN 01/20/2020 03:00PM ET,BKN,25.66
C,Jahlil Okafor (14158974),Jahlil Okafor,14158974,C/UTIL,4600,NO@MEM 01/20/2020 05:00PM ET,NO,17.88
SF/PF,Cedi Osman (14158976),Cedi Osman,14158976,SF/PF/F/UTIL,4500,NY@CLE 01/20/2020 05:00PM ET,CLE,20.86
C,Alex Len (14158980),Alex Len,14158980,C/UTIL,4500,TOR@ATL 01/20/2020 02:30PM ET,ATL,20.40
PG/SG,Coby White (14158997),Coby White,14158997,PG/SG/G/UTIL,4400,CHI@MIL 01/20/2020 05:00PM ET,CHI,21.01
SG/SF,Matisse Thybulle (14158992),Matisse Thybulle,14158992,SG/SF/F/G/UTIL,4400,PHI@BKN 01/20/2020 03:00PM ET,PHI,13.09
SG/SF,Reggie Bullock (14159001),Reggie Bullock,14159001,SG/SF/F/G/UTIL,4400,NY@CLE 01/20/2020 05:00PM ET,NY,18.86
SG/SF,Cam Reddish (14158987),Cam Reddish,14158987,SG/SF/F/G/UTIL,4400,TOR@ATL 01/20/2020 02:30PM ET,ATL,18.31
SG/SF,Josh Hart (14158982),Josh Hart,14158982,SG/SF/F/G/UTIL,4400,NO@MEM 01/20/2020 05:00PM ET,NO,23.91
SG/SF,Ben McLemore (14159006),Ben McLemore,14159006,SG/SF/F/G/UTIL,4300,OKC@HOU 01/20/2020 05:00PM ET,HOU,17.52
PF/C,Christian Wood (14159011),Christian Wood,14159011,PF/C/F/UTIL,4300,DET@WAS 01/20/2020 02:00PM ET,DET,19.72
PG,D.J. Augustin (14159019),D.J. Augustin,14159019,PG/G/UTIL,4300,ORL@CHA 01/20/2020 05:00PM ET,ORL,22.11
PG/SG,Terence Davis (14159015),Terence Davis,14159015,PG/SG/G/UTIL,4300,TOR@ATL 01/20/2020 02:30PM ET,TOR,15.96
PG/SF,Justise Winslow (14159022),Justise Winslow,14159022,PG/SF/F/G/UTIL,4200,SAC@MIA 01/20/2020 05:00PM ET,MIA,27.25
PG,Frank Ntilikina (14159027),Frank Ntilikina,14159027,PG/G/UTIL,4200,NY@CLE 01/20/2020 05:00PM ET,NY,16.08
SF/PF,Derrick Jones Jr. (14159038),Derrick Jones Jr.,14159038,SF/PF/F/UTIL,4100,SAC@MIA 01/20/2020 05:00PM ET,MIA,18.88
PG/SG,Donte DiVincenzo (14159042),Donte DiVincenzo,14159042,PG/SG/G/UTIL,4100,CHI@MIL 01/20/2020 05:00PM ET,MIL,21.69
SF/PF,Isaac Bonga (14159030),Isaac Bonga,14159030,SF/PF/F/UTIL,4100,DET@WAS 01/20/2020 02:00PM ET,WAS,12.14
PF/C,Bobby Portis (14159051),Bobby Portis,14159051,PF/C/F/UTIL,4100,NY@CLE 01/20/2020 05:00PM ET,NY,20.77
SF/PF,De'Andre Hunter (14159034),De'Andre Hunter,14159034,SF/PF/F/UTIL,4100,TOR@ATL 01/20/2020 02:30PM ET,ATL,21.08
SG/SF,E'Twaun Moore (14159046),E'Twaun Moore,14159046,SG/SF/F/G/UTIL,4100,NO@MEM 01/20/2020 05:00PM ET,NO,18.90
SG,Tyler Herro (14159059),Tyler Herro,14159059,SG/G/UTIL,4000,SAC@MIA 01/20/2020 05:00PM ET,MIA,23.15
SG/SF,Kent Bazemore (14159668),Kent Bazemore,14159668,SG/SF/F/G/UTIL,4000,SAC@MIA 01/20/2020 05:00PM ET,SAC,18.52
C,DeAndre Jordan (14159057),DeAndre Jordan,14159057,C/UTIL,4000,PHI@BKN 01/20/2020 03:00PM ET,BKN,25.43
PF,Mike Scott (14159067),Mike Scott,14159067,PF/F/UTIL,4000,PHI@BKN 01/20/2020 03:00PM ET,PHI,11.88
C,Thomas Bryant (14159055),Thomas Bryant,14159055,C/UTIL,4000,DET@WAS 01/20/2020 02:00PM ET,WAS,28.33
C,Cody Zeller (14159062),Cody Zeller,14159062,C/UTIL,4000,ORL@CHA 01/20/2020 05:00PM ET,CHA,23.96
SF,Kevin Porter Jr. (14159064),Kevin Porter Jr.,14159064,SF/F/UTIL,4000,NY@CLE 01/20/2020 05:00PM ET,CLE,17.12
PF,Meyers Leonard (14159073),Meyers Leonard,14159073,PF/F/UTIL,3900,SAC@MIA 01/20/2020 05:00PM ET,MIA,15.40
PF/C,Larry Nance Jr. (14159076),Larry Nance Jr.,14159076,PF/C/F/UTIL,3900,NY@CLE 01/20/2020 05:00PM ET,CLE,21.61
PF,Jabari Parker (14159070),Jabari Parker,14159070,PF/F/UTIL,3900,TOR@ATL 01/20/2020 02:30PM ET,ATL,28.38
C,Jaxson Hayes (14159080),Jaxson Hayes,14159080,C/UTIL,3900,NO@MEM 01/20/2020 05:00PM ET,NO,19.46
PF/C,Mike Muscala (14159087),Mike Muscala,14159087,PF/C/F/UTIL,3800,OKC@HOU 01/20/2020 05:00PM ET,OKC,9.57
PF/C,P.J. Tucker (14159095),P.J. Tucker,14159095,PF/C/F/UTIL,3800,OKC@HOU 01/20/2020 05:00PM ET,HOU,22.35
SG/SF,Joe Harris (14159082),Joe Harris,14159082,SG/SF/F/G/UTIL,3800,PHI@BKN 01/20/2020 03:00PM ET,BKN,24.95
PG/SG,Michael Carter-Williams (14159091),Michael Carter-Williams,14159091,PG/SG/G/UTIL,3800,ORL@CHA 01/20/2020 05:00PM ET,ORL,14.75
SG,Furkan Korkmaz (14159099),Furkan Korkmaz,14159099,SG/G/UTIL,3700,PHI@BKN 01/20/2020 03:00PM ET,PHI,14.58
PF,Wilson Chandler (14159107),Wilson Chandler,14159107,PF/F/UTIL,3700,PHI@BKN 01/20/2020 03:00PM ET,BKN,15.86
PG,Isaiah Thomas (14159102),Isaiah Thomas,14159102,PG/G/UTIL,3700,DET@WAS 01/20/2020 02:00PM ET,WAS,20.97
C,Bismack Biyombo (14159105),Bismack Biyombo,14159105,C/UTIL,3700,ORL@CHA 01/20/2020 05:00PM ET,CHA,18.43
SG/SF,Wayne Ellington (14159110),Wayne Ellington,14159110,SG/SF/F/G/UTIL,3700,NY@CLE 01/20/2020 05:00PM ET,NY,8.72
C,Cristiano Felicio (14159125),Cristiano Felicio,14159125,C/UTIL,3600,CHI@MIL 01/20/2020 05:00PM ET,CHI,3.62
SF/PF,Danuel House Jr. (14159117),Danuel House Jr.,14159117,SF/PF/F/UTIL,3600,OKC@HOU 01/20/2020 05:00PM ET,HOU,20.11
SG/SF,Hamidou Diallo (14159127),Hamidou Diallo,14159127,SG/SF/F/G/UTIL,3600,OKC@HOU 01/20/2020 05:00PM ET,OKC,13.95
C,Nicolas Claxton (14159132),Nicolas Claxton,14159132,C/UTIL,3600,PHI@BKN 01/20/2020 03:00PM ET,BKN,9.86
C,Anzejs Pasecniks (14159115),Anzejs Pasecniks,14159115,C/UTIL,3600,DET@WAS 01/20/2020 02:00PM ET,WAS,17.67
SF/PF,Rondae Hollis-Jefferson (14159121),Rondae Hollis-Jefferson,14159121,SF/PF/F/UTIL,3600,TOR@ATL 01/20/2020 02:30PM ET,TOR,19.48
C,Kyle O'Quinn (14159147),Kyle O'Quinn,14159147,C/UTIL,3500,PHI@BKN 01/20/2020 03:00PM ET,PHI,12.22
PG/SG,Garrett Temple (14159154),Garrett Temple,14159154,PG/SG/G/UTIL,3500,PHI@BKN 01/20/2020 03:00PM ET,BKN,21.74
PG/SG,Gary Payton II (14159134),Gary Payton II,14159134,PG/SG/G/UTIL,3500,DET@WAS 01/20/2020 02:00PM ET,WAS,19.35
SF,Nicolas Batum (14159140),Nicolas Batum,14159140,SF/F/UTIL,3500,ORL@CHA 01/20/2020 05:00PM ET,CHA,15.61
SG/SF,Damyean Dotson (14159149),Damyean Dotson,14159149,SG/SF/F/G/UTIL,3500,NY@CLE 01/20/2020 05:00PM ET,NY,11.28
C,Damian Jones (14159138),Damian Jones,14159138,C/UTIL,3500,TOR@ATL 01/20/2020 02:30PM ET,ATL,13.78
SF/PF,Kyle Anderson (14159143),Kyle Anderson,14159143,SF/PF/F/UTIL,3500,NO@MEM 01/20/2020 05:00PM ET,MEM,14.57
PF/C,Isaiah Hartenstein (14159167),Isaiah Hartenstein,14159167,PF/C/F/UTIL,3400,OKC@HOU 01/20/2020 05:00PM ET,HOU,14.57
PF,Darius Bazley (14159183),Darius Bazley,14159183,PF/F/UTIL,3400,OKC@HOU 01/20/2020 05:00PM ET,OKC,11.64
SF/PF,Rodions Kurucs (14159189),Rodions Kurucs,14159189,SF/PF/F/UTIL,3400,PHI@BKN 01/20/2020 03:00PM ET,BKN,9.62
SF/PF,Admiral Schofield (14159158),Admiral Schofield,14159158,SF/PF/F/UTIL,3400,DET@WAS 01/20/2020 02:00PM ET,WAS,7.03
SF,Wes Iwundu (14159186),Wes Iwundu,14159186,SF/F/UTIL,3400,ORL@CHA 01/20/2020 05:00PM ET,ORL,11.60
SG,Brandon Knight (14159171),Brandon Knight,14159171,SG/G/UTIL,3400,NY@CLE 01/20/2020 05:00PM ET,CLE,10.38
PG/SG,Dante Exum (14159174),Dante Exum,14159174,PG/SG/G/UTIL,3400,NY@CLE 01/20/2020 05:00PM ET,CLE,8.54
SF/PF,Kevin Knox II (14159193),Kevin Knox II,14159193,SF/PF/F/UTIL,3400,NY@CLE 01/20/2020 05:00PM ET,NY,15.16
SG/SF,DeAndre' Bembry (14159162),DeAndre' Bembry,14159162,SG/SF/F/G/UTIL,3400,TOR@ATL 01/20/2020 02:30PM ET,ATL,16.12
PG/SF,Patrick McCaw (14159178),Patrick McCaw,14159178,PG/SF/F/G/UTIL,3400,TOR@ATL 01/20/2020 02:30PM ET,TOR,15.16
C,Kelly Olynyk (14159202),Kelly Olynyk,14159202,C/UTIL,3300,SAC@MIA 01/20/2020 05:00PM ET,MIA,16.85
PG,George Hill (14159204),George Hill,14159204,PG/G/UTIL,3300,CHI@MIL 01/20/2020 05:00PM ET,MIL,20.34
SG/SF,Timothe Luwawu-Cabarrot (14159229),Timothe Luwawu-Cabarrot,14159229,SG/SF/F/G/UTIL,3300,PHI@BKN 01/20/2020 03:00PM ET,BKN,9.97
SG/SF,Garrison Mathews (14159197),Garrison Mathews,14159197,SG/SF/F/G/UTIL,3300,DET@WAS 01/20/2020 02:00PM ET,WAS,10.02
SG/SF,Tony Snell (14159220),Tony Snell,14159220,SG/SF/F/G/UTIL,3300,DET@WAS 01/20/2020 02:00PM ET,DET,14.35
C,John Henson (14159207),John Henson,14159207,C/UTIL,3300,NY@CLE 01/20/2020 05:00PM ET,CLE,15
PG/SG,Matthew Dellavedova (14159209),Matthew Dellavedova,14159209,PG/SG/G/UTIL,3300,NY@CLE 01/20/2020 05:00PM ET,CLE,8.91
PF,Dean Wade (14159213),Dean Wade,14159213,PF/F/UTIL,3300,NY@CLE 01/20/2020 05:00PM ET,CLE,6.54
PG/SG,Tyus Jones (14159216),Tyus Jones,14159216,PG/SG/G/UTIL,3300,NO@MEM 01/20/2020 05:00PM ET,MEM,17.02
PF/C,Nicolo Melli (14159225),Nicolo Melli,14159225,PF/C/F/UTIL,3300,NO@MEM 01/20/2020 05:00PM ET,NO,11.48
PF/C,Ersan Ilyasova (14159238),Ersan Ilyasova,14159238,PF/C/F/UTIL,3200,CHI@MIL 01/20/2020 05:00PM ET,MIL,17.86
PG/SG,Austin Rivers (14159242),Austin Rivers,14159242,PG/SG/G/UTIL,3200,OKC@HOU 01/20/2020 05:00PM ET,HOU,14.80
SF/PF,Alfonzo McKinnie (14159246),Alfonzo McKinnie,14159246,SF/PF/F/UTIL,3200,NY@CLE 01/20/2020 05:00PM ET,CLE,8.77
C,Taj Gibson (14159258),Taj Gibson,14159258,C/UTIL,3200,NY@CLE 01/20/2020 05:00PM ET,NY,13.37
PG/SG,Brandon Goodwin (14159234),Brandon Goodwin,14159234,PG/SG/G/UTIL,3200,TOR@ATL 01/20/2020 02:30PM ET,ATL,12.5
PG/SG,Grayson Allen (14159250),Grayson Allen,14159250,PG/SG/G/UTIL,3200,NO@MEM 01/20/2020 05:00PM ET,MEM,13.45
PG/SG,Nickeil Alexander-Walker (14159254),Nickeil Alexander-Walker,14159254,PG/SG/G/UTIL,3200,NO@MEM 01/20/2020 05:00PM ET,NO,12.71
PF/C,James Johnson (14159264),James Johnson,14159264,PF/C/F/UTIL,3100,SAC@MIA 01/20/2020 05:00PM ET,MIA,11.92
C,Dewayne Dedmon (14159286),Dewayne Dedmon,14159286,C/UTIL,3100,SAC@MIA 01/20/2020 05:00PM ET,SAC,11.68
PF/C,Anthony Tolliver (14159664),Anthony Tolliver,14159664,PF/C/F/UTIL,3100,SAC@MIA 01/20/2020 05:00PM ET,SAC,10.61
SG,Wesley Matthews (14159268),Wesley Matthews,14159268,SG/G/UTIL,3100,CHI@MIL 01/20/2020 05:00PM ET,MIL,14.47
C,Willy Hernangomez (14159271),Willy Hernangomez,14159271,C/UTIL,3100,ORL@CHA 01/20/2020 05:00PM ET,CHA,8.83
SG/SF,Dwayne Bacon (14159273),Dwayne Bacon,14159273,SG/SF/F/G/UTIL,3100,ORL@CHA 01/20/2020 05:00PM ET,CHA,12.76
PG/SG,Malik Monk (14159278),Malik Monk,14159278,PG/SG/G/UTIL,3100,ORL@CHA 01/20/2020 05:00PM ET,CHA,15.51
PF/C,Khem Birch (14159288),Khem Birch,14159288,PF/C/F/UTIL,3100,ORL@CHA 01/20/2020 05:00PM ET,ORL,13.29
C,Mo Bamba (14159292),Mo Bamba,14159292,C/UTIL,3100,ORL@CHA 01/20/2020 05:00PM ET,ORL,16.57
SF/PF,Vince Carter (14159260),Vince Carter,14159260,SF/PF/F/UTIL,3100,TOR@ATL 01/20/2020 02:30PM ET,ATL,10.40
SF/PF,Solomon Hill (14159282),Solomon Hill,14159282,SF/PF/F/UTIL,3100,NO@MEM 01/20/2020 05:00PM ET,MEM,14.61
C,Udonis Haslem (14159331),Udonis Haslem,14159331,C/UTIL,3000,SAC@MIA 01/20/2020 05:00PM ET,MIA,4.38
SG/SF,Dion Waiters (14159333),Dion Waiters,14159333,SG/SF/F/G/UTIL,3000,SAC@MIA 01/20/2020 05:00PM ET,MIA,0
PG,Gabe Vincent (14159338),Gabe Vincent,14159338,PG/G/UTIL,3000,SAC@MIA 01/20/2020 05:00PM ET,MIA,0
C,Chris Silva (14159341),Chris Silva,14159341,C/UTIL,3000,SAC@MIA 01/20/2020 05:00PM ET,MIA,8.95
PF,Kyle Alexander (14159343),Kyle Alexander,14159343,PF/F/UTIL,3000,SAC@MIA 01/20/2020 05:00PM ET,MIA,0
SF/PF,KZ Okpala (14159346),KZ Okpala,14159346,SF/PF/F/UTIL,3000,SAC@MIA 01/20/2020 05:00PM ET,MIA,0.25
PG,Cory Joseph (14159541),Cory Joseph,14159541,PG/G/UTIL,3000,SAC@MIA 01/20/2020 05:00PM ET,SAC,16.99
PG/SG,Yogi Ferrell (14159544),Yogi Ferrell,14159544,PG/SG/G/UTIL,3000,SAC@MIA 01/20/2020 05:00PM ET,SAC,9.48
SG/SF,Justin James (14159548),Justin James,14159548,SG/SF/F/G/UTIL,3000,SAC@MIA 01/20/2020 05:00PM ET,SAC,6.89
SF,DaQuan Jeffries (14159553),DaQuan Jeffries,14159553,SF/F/UTIL,3000,SAC@MIA 01/20/2020 05:00PM ET,SAC,2.38
C,Harry Giles III (14159556),Harry Giles III,14159556,C/UTIL,3000,SAC@MIA 01/20/2020 05:00PM ET,SAC,10.78
PG,Kyle Guy (14159558),Kyle Guy,14159558,PG/G/UTIL,3000,SAC@MIA 01/20/2020 05:00PM ET,SAC,0
SG/SF,Kyle Korver (14159350),Kyle Korver,14159350,SG/SF/F/G/UTIL,3000,CHI@MIL 01/20/2020 05:00PM ET,MIL,12.05
C,Robin Lopez (14159355),Robin Lopez,14159355,C/UTIL,3000,CHI@MIL 01/20/2020 05:00PM ET,MIL,11.40
SG/SF,Pat Connaughton (14159357),Pat Connaughton,14159357,SG/SF/F/G/UTIL,3000,CHI@MIL 01/20/2020 05:00PM ET,MIL,14.08
SG/SF,Sterling Brown (14159362),Sterling Brown,14159362,SG/SF/F/G/UTIL,3000,CHI@MIL 01/20/2020 05:00PM ET,MIL,13.20
SG,Cameron Reynolds (14159367),Cameron Reynolds,14159367,SG/G/UTIL,3000,CHI@MIL 01/20/2020 05:00PM ET,MIL,0
PG,Frank Mason III (14159370),Frank Mason III,14159370,PG/G/UTIL,3000,CHI@MIL 01/20/2020 05:00PM ET,MIL,4.25
PF,Thanasis Antetokounmpo (14159373),Thanasis Antetokounmpo,14159373,PF/F/UTIL,3000,CHI@MIL 01/20/2020 05:00PM ET,MIL,3.48
PF/C,D.J. Wilson (14159376),D.J. Wilson,14159376,PF/C/F/UTIL,3000,CHI@MIL 01/20/2020 05:00PM ET,MIL,7.26
PF/C,Dragan Bender (14159380),Dragan Bender,14159380,PF/C/F/UTIL,3000,CHI@MIL 01/20/2020 05:00PM ET,MIL,11.15
PG/SF,Shaquille Harrison (14159561),Shaquille Harrison,14159561,PG/SF/F/G/UTIL,3000,CHI@MIL 01/20/2020 05:00PM ET,CHI,7.18
PG/SG,Ryan Arcidiacono (14159566),Ryan Arcidiacono,14159566,PG/SG/G/UTIL,3000,CHI@MIL 01/20/2020 05:00PM ET,CHI,9.29
SG/SF,Denzel Valentine (14159570),Denzel Valentine,14159570,SG/SF/F/G/UTIL,3000,CHI@MIL 01/20/2020 05:00PM ET,CHI,11.74
SF/PF,Chandler Hutchison (14159575),Chandler Hutchison,14159575,SF/PF/F/UTIL,3000,CHI@MIL 01/20/2020 05:00PM ET,CHI,12.41
SG,Max Strus (14159579),Max Strus,14159579,SG/G/UTIL,3000,CHI@MIL 01/20/2020 05:00PM ET,CHI,3.12
SG,Adam Mokoka (14159582),Adam Mokoka,14159582,SG/G/UTIL,3000,CHI@MIL 01/20/2020 05:00PM ET,CHI,1.25
C,Tyson Chandler (14159384),Tyson Chandler,14159384,C/UTIL,3000,OKC@HOU 01/20/2020 05:00PM ET,HOU,5.98
C,Nene Hilario (14159386),Nene Hilario,14159386,C/UTIL,3000,OKC@HOU 01/20/2020 05:00PM ET,HOU,0
SG/SF,Gerald Green (14159388),Gerald Green,14159388,SG/SF/F/G/UTIL,3000,OKC@HOU 01/20/2020 05:00PM ET,HOU,0
SF/PF,Thabo Sefolosha (14159393),Thabo Sefolosha,14159393,SF/PF/F/UTIL,3000,OKC@HOU 01/20/2020 05:00PM ET,HOU,6.68
PG/SG,Michael Frazier (14159397),Michael Frazier,14159397,PG/SG/G/UTIL,3000,OKC@HOU 01/20/2020 05:00PM ET,HOU,3.58
PG,Chris Clemons (14159401),Chris Clemons,14159401,PG/G/UTIL,3000,OKC@HOU 01/20/2020 05:00PM ET,HOU,8.85
SF/PF,William Howard (14159404),William Howard,14159404,SF/PF/F/UTIL,3000,OKC@HOU 01/20/2020 05:00PM ET,HOU,0
SG,Andre Roberson (14159585),Andre Roberson,14159585,SG/G/UTIL,3000,OKC@HOU 01/20/2020 05:00PM ET,OKC,0
SF,Abdel Nader (14159588),Abdel Nader,14159588,SF/F/UTIL,3000,OKC@HOU 01/20/2020 05:00PM ET,OKC,10.62
SG/SF,Deonte Burton (14159591),Deonte Burton,14159591,SG/SF/F/G/UTIL,3000,OKC@HOU 01/20/2020 05:00PM ET,OKC,5.14
PF,Kevin Hervey (14159596),Kevin Hervey,14159596,PF/F/UTIL,3000,OKC@HOU 01/20/2020 05:00PM ET,OKC,1
C,Justin Patton (14159599),Justin Patton,14159599,C/UTIL,3000,OKC@HOU 01/20/2020 05:00PM ET,OKC,3.55
SG/SF,Terrance Ferguson (14159601),Terrance Ferguson,14159601,SG/SF/F/G/UTIL,3000,OKC@HOU 01/20/2020 05:00PM ET,OKC,10.60
SG,Luguentz Dort (14159606),Luguentz Dort,14159606,SG/G/UTIL,3000,OKC@HOU 01/20/2020 05:00PM ET,OKC,7.12
PF,Kevin Durant (14159314),Kevin Durant,14159314,PF/F/UTIL,3000,PHI@BKN 01/20/2020 03:00PM ET,BKN,0
PG/SG,Theo Pinson (14159317),Theo Pinson,14159317,PG/SG/G/UTIL,3000,PHI@BKN 01/20/2020 03:00PM ET,BKN,10.51
PG/SG,Chris Chiozza (14159321),Chris Chiozza,14159321,PG/SG/G/UTIL,3000,PHI@BKN 01/20/2020 03:00PM ET,BKN,10.32
PG,Jeremiah Martin (14159325),Jeremiah Martin,14159325,PG/G/UTIL,3000,PHI@BKN 01/20/2020 03:00PM ET,BKN,0
PF,Dzanan Musa (14159328),Dzanan Musa,14159328,PF/F/UTIL,3000,PHI@BKN 01/20/2020 03:00PM ET,BKN,9.48
SF/PF,James Ennis III (14159512),James Ennis III,14159512,SF/PF/F/UTIL,3000,PHI@BKN 01/20/2020 03:00PM ET,PHI,13.68
PG/SG,Trey Burke (14159516),Trey Burke,14159516,PG/SG/G/UTIL,3000,PHI@BKN 01/20/2020 03:00PM ET,PHI,12.69
C,Norvel Pelle (14159520),Norvel Pelle,14159520,C/UTIL,3000,PHI@BKN 01/20/2020 03:00PM ET,PHI,10.64
PG,Raul Neto (14159522),Raul Neto,14159522,PG/G/UTIL,3000,PHI@BKN 01/20/2020 03:00PM ET,PHI,8.24
SG,Marial Shayok (14159525),Marial Shayok,14159525,SG/G/UTIL,3000,PHI@BKN 01/20/2020 03:00PM ET,PHI,0
PF/C,Jonah Bolden (14159528),Jonah Bolden,14159528,PF/C/F/UTIL,3000,PHI@BKN 01/20/2020 03:00PM ET,PHI,1.75
PG/SG,Shake Milton (14159532),Shake Milton,14159532,PG/SG/G/UTIL,3000,PHI@BKN 01/20/2020 03:00PM ET,PHI,6.60
SG/SF,Zhaire Smith (14159536),Zhaire Smith,14159536,SG/SF/F/G/UTIL,3000,PHI@BKN 01/20/2020 03:00PM ET,PHI,0
PG,John Wall (14159294),John Wall,14159294,PG/G/UTIL,3000,DET@WAS 01/20/2020 02:00PM ET,WAS,0
PF/C,Blake Griffin (14159462),Blake Griffin,14159462,PF/C/F/UTIL,3000,DET@WAS 01/20/2020 02:00PM ET,DET,27.61
PG,Reggie Jackson (14159466),Reggie Jackson,14159466,PG/G/UTIL,3000,DET@WAS 01/20/2020 02:00PM ET,DET,14.12
PG,Tim Frazier (14159469),Tim Frazier,14159469,PG/G/UTIL,3000,DET@WAS 01/20/2020 02:00PM ET,DET,11.77
PG/SG,Langston Galloway (14159472),Langston Galloway,14159472,PG/SG/G/UTIL,3000,DET@WAS 01/20/2020 02:00PM ET,DET,17.51
SG,Khyri Thomas (14159476),Khyri Thomas,14159476,SG/G/UTIL,3000,DET@WAS 01/20/2020 02:00PM ET,DET,0.5
PF/C,Thon Maker (14159479),Thon Maker,14159479,PF/C/F/UTIL,3000,DET@WAS 01/20/2020 02:00PM ET,DET,8.32
PG,Jordan Bone (14159483),Jordan Bone,14159483,PG/G/UTIL,3000,DET@WAS 01/20/2020 02:00PM ET,DET,1.88
SF/PF,Louis King (14159486),Louis King,14159486,SF/PF/F/UTIL,3000,DET@WAS 01/20/2020 02:00PM ET,DET,3.25
PF,Marvin Williams (14159408),Marvin Williams,14159408,PF/F/UTIL,3000,ORL@CHA 01/20/2020 05:00PM ET,CHA,14.14
PF,Michael Kidd-Gilchrist (14159411),Michael Kidd-Gilchrist,14159411,PF/F/UTIL,3000,ORL@CHA 01/20/2020 05:00PM ET,CHA,9.31
SG,Caleb Martin (14159414),Caleb Martin,14159414,SG/G/UTIL,3000,ORL@CHA 01/20/2020 05:00PM ET,CHA,4.85
SG/SF,Cody Martin (14159417),Cody Martin,14159417,SG/SF/F/G/UTIL,3000,ORL@CHA 01/20/2020 05:00PM ET,CHA,10.27
C,Ray Spalding (14159422),Ray Spalding,14159422,C/UTIL,3000,ORL@CHA 01/20/2020 05:00PM ET,CHA,0
PG,Kobi Simmons (14159424),Kobi Simmons,14159424,PG/G/UTIL,3000,ORL@CHA 01/20/2020 05:00PM ET,CHA,0
PF,Jalen McDaniels (14159427),Jalen McDaniels,14159427,PF/F/UTIL,3000,ORL@CHA 01/20/2020 05:00PM ET,CHA,2.62
PF,Al-Farouq Aminu (14159609),Al-Farouq Aminu,14159609,PF/F/UTIL,3000,ORL@CHA 01/20/2020 05:00PM ET,ORL,14.94
PF/C,Amile Jefferson (14159612),Amile Jefferson,14159612,PF/C/F/UTIL,3000,ORL@CHA 01/20/2020 05:00PM ET,ORL,3.48
SG/SF,B.J. Johnson (14159616),B.J. Johnson,14159616,SG/SF/F/G/UTIL,3000,ORL@CHA 01/20/2020 05:00PM ET,ORL,5.5
PF/C,Gary Clark (14159621),Gary Clark,14159621,PF/C/F/UTIL,3000,ORL@CHA 01/20/2020 05:00PM ET,ORL,9.44
PF,Vic Law (14159625),Vic Law,14159625,PF/F/UTIL,3000,ORL@CHA 01/20/2020 05:00PM ET,ORL,0
SG/SF,Melvin Frazier Jr. (14159628),Melvin Frazier Jr.,14159628,SG/SF/F/G/UTIL,3000,ORL@CHA 01/20/2020 05:00PM ET,ORL,3.23
SF,Dylan Windler (14159430),Dylan Windler,14159430,SF/F/UTIL,3000,NY@CLE 01/20/2020 05:00PM ET,CLE,0
C,Ante Zizic (14159433),Ante Zizic,14159433,C/UTIL,3000,NY@CLE 01/20/2020 05:00PM ET,CLE,10.16
SF,Tyler Cook (14159435),Tyler Cook,14159435,SF/F/UTIL,3000,NY@CLE 01/20/2020 05:00PM ET,CLE,3.59
PG,Kadeem Allen (14159633),Kadeem Allen,14159633,PG/G/UTIL,3000,NY@CLE 01/20/2020 05:00PM ET,NY,10.33
PG/SG,Allonzo Trier (14159636),Allonzo Trier,14159636,PG/SG/G/UTIL,3000,NY@CLE 01/20/2020 05:00PM ET,NY,9.9
PG,Dennis Smith Jr. (14159640),Dennis Smith Jr.,14159640,PG/G/UTIL,3000,NY@CLE 01/20/2020 05:00PM ET,NY,13.07
C,Kenny Wooten (14159643),Kenny Wooten,14159643,C/UTIL,3000,NY@CLE 01/20/2020 05:00PM ET,NY,0
PF,Ignas Brazdeikis (14159645),Ignas Brazdeikis,14159645,PF/F/UTIL,3000,NY@CLE 01/20/2020 05:00PM ET,NY,3.42
PG/SF,Evan Turner (14159297),Evan Turner,14159297,PG/SF/F/G/UTIL,3000,TOR@ATL 01/20/2020 02:30PM ET,ATL,9.92
SF/PF,Chandler Parsons (14159302),Chandler Parsons,14159302,SF/PF/F/UTIL,3000,TOR@ATL 01/20/2020 02:30PM ET,ATL,7.55
SF,Treveon Graham (14159306),Treveon Graham,14159306,SF/F/UTIL,3000,TOR@ATL 01/20/2020 02:30PM ET,ATL,11.35
SG,Charlie Brown (14159309),Charlie Brown,14159309,SG/G/UTIL,3000,TOR@ATL 01/20/2020 02:30PM ET,ATL,4.9
C,Bruno Fernando (14159312),Bruno Fernando,14159312,C/UTIL,3000,TOR@ATL 01/20/2020 02:30PM ET,ATL,9.90
SG/SF,Malcolm Miller (14159490),Malcolm Miller,14159490,SG/SF/F/G/UTIL,3000,TOR@ATL 01/20/2020 02:30PM ET,TOR,2.98
SG,Matt Thomas (14159495),Matt Thomas,14159495,SG/G/UTIL,3000,TOR@ATL 01/20/2020 02:30PM ET,TOR,8.02
SG,Paul Watson (14159498),Paul Watson,14159498,SG/G/UTIL,3000,TOR@ATL 01/20/2020 02:30PM ET,TOR,4.5
SF/PF,Stanley Johnson (14159501),Stanley Johnson,14159501,SF/PF/F/UTIL,3000,TOR@ATL 01/20/2020 02:30PM ET,TOR,3.52
C,Chris Boucher (14159505),Chris Boucher,14159505,C/UTIL,3000,TOR@ATL 01/20/2020 02:30PM ET,TOR,14.91
C,Dewan Hernandez (14159507),Dewan Hernandez,14159507,C/UTIL,3000,TOR@ATL 01/20/2020 02:30PM ET,TOR,3.56
PF,Oshae Brissett (14159509),Oshae Brissett,14159509,PF/F/UTIL,3000,TOR@ATL 01/20/2020 02:30PM ET,TOR,5.27
SG/SF,Andre Iguodala (14159438),Andre Iguodala,14159438,SG/SF/F/G/UTIL,3000,NO@MEM 01/20/2020 05:00PM ET,MEM,0
PF/C,Bruno Caboclo (14159443),Bruno Caboclo,14159443,PF/C/F/UTIL,3000,NO@MEM 01/20/2020 05:00PM ET,MEM,8
SF/PF,Yuta Watanabe (14159447),Yuta Watanabe,14159447,SF/PF/F/UTIL,3000,NO@MEM 01/20/2020 05:00PM ET,MEM,3.81
SG,John Konchar (14159451),John Konchar,14159451,SG/G/UTIL,3000,NO@MEM 01/20/2020 05:00PM ET,MEM,0.62
SF,Josh Jackson (14159454),Josh Jackson,14159454,SF/F/UTIL,3000,NO@MEM 01/20/2020 05:00PM ET,MEM,0
SG/SF,Marko Guduric (14159457),Marko Guduric,14159457,SG/SF/F/G/UTIL,3000,NO@MEM 01/20/2020 05:00PM ET,MEM,9.88
SF/PF,Darius Miller (14159648),Darius Miller,14159648,SF/PF/F/UTIL,3000,NO@MEM 01/20/2020 05:00PM ET,NO,0
PG,Josh Gray (14159652),Josh Gray,14159652,PG/G/UTIL,3000,NO@MEM 01/20/2020 05:00PM ET,NO,2.5
PF,Kenrich Williams (14159655),Kenrich Williams,14159655,PF/F/UTIL,3000,NO@MEM 01/20/2020 05:00PM ET,NO,15.09
SF,Zylan Cheatham (14159658),Zylan Cheatham,14159658,SF/F/UTIL,3000,NO@MEM 01/20/2020 05:00PM ET,NO,5
PG,Frank Jackson (14159661),Frank Jackson,14159661,PG/G/UTIL,3000,NO@MEM 01/20/2020 05:00PM ET,NO,9.90
