Position,Name + ID,Name,ID,Roster Position,Salary,Game Info,TeamAbbrev,AvgPointsPerGame
C,Joel Embiid (14195824),Joel Embiid,14195824,CPT,19200,GS@PHI 01/28/2020 07:00PM ET,PHI,48.26
PG/SF,Ben Simmons (14195825),Ben Simmons,14195825,CPT,18900,GS@PHI 01/28/2020 07:00PM ET,PHI,43.94
PG/SG,D'Angelo Russell (14195826),D'Angelo Russell,14195826,CPT,15600,GS@PHI 01/28/2020 07:00PM ET,GS,40.36
SF/PF,Tobias Harris (14195827),Tobias Harris,14195827,CPT,15300,GS@PHI 01/28/2020 07:00PM ET,PHI,35.44
PG,Stephen Curry (14195828),Stephen Curry,14195828,CPT,15000,GS@PHI 01/28/2020 07:00PM ET,GS,39.38
PF/C,Al Horford (14195829),Al Horford,14195829,CPT,14400,GS@PHI 01/28/2020 07:00PM ET,PHI,30.78
SG/SF,Josh Richardson (14195830),Josh Richardson,14195830,CPT,13500,GS@PHI 01/28/2020 07:00PM ET,PHI,27.09
PG/SG,Alec Burks (14195831),Alec Burks,14195831,CPT,12900,GS@PHI 01/28/2020 07:00PM ET,GS,29.56
C,Joel Embiid (14195792),Joel Embiid,14195792,UTIL,12800,GS@PHI 01/28/2020 07:00PM ET,PHI,48.26
PG/SF,Ben Simmons (14195793),Ben Simmons,14195793,UTIL,12600,GS@PHI 01/28/2020 07:00PM ET,PHI,43.94
PG/SF,Draymond Green (14195832),Draymond Green,14195832,CPT,11700,GS@PHI 01/28/2020 07:00PM ET,GS,28.90
SF/PF,Eric Paschall (14195833),Eric Paschall,14195833,CPT,10500,GS@PHI 01/28/2020 07:00PM ET,GS,23.87
PG/SG,D'Angelo Russell (14195794),D'Angelo Russell,14195794,UTIL,10400,GS@PHI 01/28/2020 07:00PM ET,GS,40.36
SF/PF,Tobias Harris (14195795),Tobias Harris,14195795,UTIL,10200,GS@PHI 01/28/2020 07:00PM ET,PHI,35.44
PG,Stephen Curry (14195796),Stephen Curry,14195796,UTIL,10000,GS@PHI 01/28/2020 07:00PM ET,GS,39.38
PF/C,Al Horford (14195797),Al Horford,14195797,UTIL,9600,GS@PHI 01/28/2020 07:00PM ET,PHI,30.78
SG/SF,Damion Lee (14195834),Damion Lee,14195834,CPT,9300,GS@PHI 01/28/2020 07:00PM ET,GS,24.18
SG/SF,Josh Richardson (14195798),Josh Richardson,14195798,UTIL,9000,GS@PHI 01/28/2020 07:00PM ET,PHI,27.09
PG/SG,Alec Burks (14195799),Alec Burks,14195799,UTIL,8600,GS@PHI 01/28/2020 07:00PM ET,GS,29.56
SG/SF,Matisse Thybulle (14195835),Matisse Thybulle,14195835,CPT,8100,GS@PHI 01/28/2020 07:00PM ET,PHI,13.68
PG/SF,Draymond Green (14195800),Draymond Green,14195800,UTIL,7800,GS@PHI 01/28/2020 07:00PM ET,GS,28.90
SG/SF,Glenn Robinson III (14195836),Glenn Robinson III,14195836,CPT,7800,GS@PHI 01/28/2020 07:00PM ET,GS,23.34
PF/C,Marquese Chriss (14195837),Marquese Chriss,14195837,CPT,7500,GS@PHI 01/28/2020 07:00PM ET,GS,19.48
PF/C,Omari Spellman (14195838),Omari Spellman,14195838,CPT,7200,GS@PHI 01/28/2020 07:00PM ET,GS,17.30
SF/PF,Eric Paschall (14195801),Eric Paschall,14195801,UTIL,7000,GS@PHI 01/28/2020 07:00PM ET,GS,23.87
PG/SG,Shake Milton (14195839),Shake Milton,14195839,CPT,6900,GS@PHI 01/28/2020 07:00PM ET,PHI,8.71
SG/SF,Damion Lee (14195802),Damion Lee,14195802,UTIL,6200,GS@PHI 01/28/2020 07:00PM ET,GS,24.18
SG,Furkan Korkmaz (14195840),Furkan Korkmaz,14195840,CPT,5700,GS@PHI 01/28/2020 07:00PM ET,PHI,14.84
SG/SF,Matisse Thybulle (14195803),Matisse Thybulle,14195803,UTIL,5400,GS@PHI 01/28/2020 07:00PM ET,PHI,13.68
SG/SF,Glenn Robinson III (14195804),Glenn Robinson III,14195804,UTIL,5200,GS@PHI 01/28/2020 07:00PM ET,GS,23.34
PF/C,Marquese Chriss (14195805),Marquese Chriss,14195805,UTIL,5000,GS@PHI 01/28/2020 07:00PM ET,GS,19.48
PF/C,Omari Spellman (14195806),Omari Spellman,14195806,UTIL,4800,GS@PHI 01/28/2020 07:00PM ET,GS,17.30
PG/SG,Shake Milton (14195807),Shake Milton,14195807,UTIL,4600,GS@PHI 01/28/2020 07:00PM ET,PHI,8.71
SG/SF,Jordan Poole (14195841),Jordan Poole,14195841,CPT,4500,GS@PHI 01/28/2020 07:00PM ET,GS,14.67
SG,Furkan Korkmaz (14195808),Furkan Korkmaz,14195808,UTIL,3800,GS@PHI 01/28/2020 07:00PM ET,PHI,14.84
PG,Raul Neto (14195842),Raul Neto,14195842,CPT,3300,GS@PHI 01/28/2020 07:00PM ET,PHI,8.66
SG/SF,Jordan Poole (14195809),Jordan Poole,14195809,UTIL,3000,GS@PHI 01/28/2020 07:00PM ET,GS,14.67
PG,Raul Neto (14195810),Raul Neto,14195810,UTIL,2200,GS@PHI 01/28/2020 07:00PM ET,PHI,8.66
PG,Jacob Evans III (14195845),Jacob Evans III,14195845,CPT,2100,GS@PHI 01/28/2020 07:00PM ET,GS,8.81
PF,Mike Scott (14195847),Mike Scott,14195847,CPT,1800,GS@PHI 01/28/2020 07:00PM ET,PHI,11.92
C,Alen Smailagic (14195843),Alen Smailagic,14195843,CPT,1500,GS@PHI 01/28/2020 07:00PM ET,GS,9.78
C,Norvel Pelle (14195844),Norvel Pelle,14195844,CPT,1500,GS@PHI 01/28/2020 07:00PM ET,PHI,10.55
C,Kevon Looney (14195846),Kevon Looney,14195846,CPT,1500,GS@PHI 01/28/2020 07:00PM ET,GS,7.58
PF/C,Kyle O'Quinn (14195848),Kyle O'Quinn,14195848,CPT,1500,GS@PHI 01/28/2020 07:00PM ET,PHI,11.94
PG,Ky Bowman (14195849),Ky Bowman,14195849,CPT,1500,GS@PHI 01/28/2020 07:00PM ET,GS,16.78
SF/PF,James Ennis III (14195850),James Ennis III,14195850,CPT,1500,GS@PHI 01/28/2020 07:00PM ET,PHI,13.07
SG/SF,Zhaire Smith (14195851),Zhaire Smith,14195851,CPT,1500,GS@PHI 01/28/2020 07:00PM ET,PHI,1.5
PG,Trey Burke (14195852),Trey Burke,14195852,CPT,1500,GS@PHI 01/28/2020 07:00PM ET,PHI,12.14
PF/C,Jonah Bolden (14195853),Jonah Bolden,14195853,CPT,1500,GS@PHI 01/28/2020 07:00PM ET,PHI,1.56
SG,Marial Shayok (14195854),Marial Shayok,14195854,CPT,1500,GS@PHI 01/28/2020 07:00PM ET,PHI,0
SG,Klay Thompson (14195855),Klay Thompson,14195855,CPT,1500,GS@PHI 01/28/2020 07:00PM ET,GS,0
PG,Jacob Evans III (14195813),Jacob Evans III,14195813,UTIL,1400,GS@PHI 01/28/2020 07:00PM ET,GS,8.81
PF,Mike Scott (14195815),Mike Scott,14195815,UTIL,1200,GS@PHI 01/28/2020 07:00PM ET,PHI,11.92
C,Alen Smailagic (14195811),Alen Smailagic,14195811,UTIL,1000,GS@PHI 01/28/2020 07:00PM ET,GS,9.78
C,Norvel Pelle (14195812),Norvel Pelle,14195812,UTIL,1000,GS@PHI 01/28/2020 07:00PM ET,PHI,10.55
C,Kevon Looney (14195814),Kevon Looney,14195814,UTIL,1000,GS@PHI 01/28/2020 07:00PM ET,GS,7.58
PF/C,Kyle O'Quinn (14195816),Kyle O'Quinn,14195816,UTIL,1000,GS@PHI 01/28/2020 07:00PM ET,PHI,11.94
PG,Ky Bowman (14195817),Ky Bowman,14195817,UTIL,1000,GS@PHI 01/28/2020 07:00PM ET,GS,16.78
SF/PF,James Ennis III (14195818),James Ennis III,14195818,UTIL,1000,GS@PHI 01/28/2020 07:00PM ET,PHI,13.07
SG/SF,Zhaire Smith (14195819),Zhaire Smith,14195819,UTIL,1000,GS@PHI 01/28/2020 07:00PM ET,PHI,1.5
PG,Trey Burke (14195820),Trey Burke,14195820,UTIL,1000,GS@PHI 01/28/2020 07:00PM ET,PHI,12.14
PF/C,Jonah Bolden (14195821),Jonah Bolden,14195821,UTIL,1000,GS@PHI 01/28/2020 07:00PM ET,PHI,1.56
SG,Marial Shayok (14195822),Marial Shayok,14195822,UTIL,1000,GS@PHI 01/28/2020 07:00PM ET,PHI,0
SG,Klay Thompson (14195823),Klay Thompson,14195823,UTIL,1000,GS@PHI 01/28/2020 07:00PM ET,GS,0
