Position,Name + ID,Name,ID,Roster Position,Salary,Game Info,TeamAbbrev,AvgPointsPerGame
PG/SG,James Harden (14167794),James Harden,14167794,PG/SG/G/UTIL,11200,DEN@HOU 01/22/2020 08:00PM ET,HOU,61.61
PG/SF,LeBron James (14167798),LeBron James,14167798,PG/SF/F/G/UTIL,10800,LAL@NY 01/22/2020 07:30PM ET,LAL,55.72
SF,Kawhi Leonard (14167803),Kawhi Leonard,14167803,SF/F/UTIL,10500,LAC@ATL 01/22/2020 07:30PM ET,LAC,48.80
C,Karl-Anthony Towns (14167806),Karl-Anthony Towns,14167806,C/UTIL,10400,MIN@CHI 01/22/2020 08:00PM ET,MIN,51.93
PF/C,Anthony Davis (14167808),Anthony Davis,14167808,PF/C/F/UTIL,9900,LAL@NY 01/22/2020 07:30PM ET,LAL,51.15
PG,Russell Westbrook (14167812),Russell Westbrook,14167812,PG/G/UTIL,9800,DEN@HOU 01/22/2020 08:00PM ET,HOU,49.65
C,Joel Embiid (14167815),Joel Embiid,14167815,C/UTIL,9700,PHI@TOR 01/22/2020 07:00PM ET,PHI,48.26
PG,Trae Young (14167817),Trae Young,14167817,PG/G/UTIL,9500,LAC@ATL 01/22/2020 07:30PM ET,ATL,50.51
C,Andre Drummond (14167820),Andre Drummond,14167820,C/UTIL,9400,SAC@DET 01/22/2020 07:00PM ET,DET,48.24
PG/SF,Ben Simmons (14167822),Ben Simmons,14167822,PG/SF/F/G/UTIL,9300,PHI@TOR 01/22/2020 07:00PM ET,PHI,43.60
C,Nikola Jokic (14167827),Nikola Jokic,14167827,C/UTIL,9200,DEN@HOU 01/22/2020 08:00PM ET,DEN,45.08
SG,Zach LaVine (14167829),Zach LaVine,14167829,SG/G/UTIL,9000,MIN@CHI 01/22/2020 08:00PM ET,CHI,40.55
SF/PF,Brandon Ingram (14167832),Brandon Ingram,14167832,SF/PF/F/UTIL,8900,SA@NO 01/22/2020 09:30PM ET,NO,44.04
SG/SF,Paul George (14167836),Paul George,14167836,SG/SF/F/G/UTIL,8800,LAC@ATL 01/22/2020 07:30PM ET,LAC,40.64
PG/SG,Devin Booker (14167841),Devin Booker,14167841,PG/SG/G/UTIL,8700,IND@PHO 01/22/2020 09:00PM ET,PHO,42.77
PF/C,Deandre Ayton (14167845),Deandre Ayton,14167845,PF/C/F/UTIL,8600,IND@PHO 01/22/2020 09:00PM ET,PHO,40.56
SG/SF,Jimmy Butler (14167849),Jimmy Butler,14167849,SG/SF/F/G/UTIL,8500,WAS@MIA 01/22/2020 07:30PM ET,MIA,43.12
C,Rudy Gobert (14167854),Rudy Gobert,14167854,C/UTIL,8500,UTA@GS 01/22/2020 10:00PM ET,UTA,41.52
C,Bam Adebayo (14167856),Bam Adebayo,14167856,C/UTIL,8400,WAS@MIA 01/22/2020 07:30PM ET,MIA,40.54
C,Nikola Vucevic (14167858),Nikola Vucevic,14167858,C/UTIL,8300,OKC@ORL 01/22/2020 07:00PM ET,ORL,42.51
PG,De'Aaron Fox (14167860),De'Aaron Fox,14167860,PG/G/UTIL,8300,SAC@DET 01/22/2020 07:00PM ET,SAC,38.37
SG/SF,DeMar DeRozan (14167863),DeMar DeRozan,14167863,SG/SF/F/G/UTIL,8200,SA@NO 01/22/2020 09:30PM ET,SA,39.10
PG/SG,Jrue Holiday (14167868),Jrue Holiday,14167868,PG/SG/G/UTIL,8100,SA@NO 01/22/2020 09:30PM ET,NO,40.24
PG/SG,D'Angelo Russell (14167872),D'Angelo Russell,14167872,PG/SG/G/UTIL,8000,UTA@GS 01/22/2020 10:00PM ET,GS,40.16
PF/C,Domantas Sabonis (14167876),Domantas Sabonis,14167876,PF/C/F/UTIL,7900,IND@PHO 01/22/2020 09:00PM ET,IND,43.10
PG/SG,Donovan Mitchell (14167880),Donovan Mitchell,14167880,PG/SG/G/UTIL,7800,UTA@GS 01/22/2020 10:00PM ET,UTA,39.12
PG,Ricky Rubio (14167884),Ricky Rubio,14167884,PG/G/UTIL,7700,IND@PHO 01/22/2020 09:00PM ET,PHO,36.62
PF/C,Julius Randle (14167890),Julius Randle,14167890,PF/C/F/UTIL,7600,LAL@NY 01/22/2020 07:30PM ET,NY,37.01
PG,Ja Morant (14167887),Ja Morant,14167887,PG/G/UTIL,7600,MEM@BOS 01/22/2020 07:30PM ET,MEM,34.55
PG,Stephen Curry (14167894),Stephen Curry,14167894,PG/G/UTIL,7600,UTA@GS 01/22/2020 10:00PM ET,GS,39.38
C,Clint Capela (14167897),Clint Capela,14167897,C/UTIL,7500,DEN@HOU 01/22/2020 08:00PM ET,HOU,39.6
PF,Jayson Tatum (14167899),Jayson Tatum,14167899,PF/F/UTIL,7500,MEM@BOS 01/22/2020 07:30PM ET,BOS,39.06
PG/SF,Will Barton (14167902),Will Barton,14167902,PG/SF/F/G/UTIL,7400,DEN@HOU 01/22/2020 08:00PM ET,DEN,32.82
PG,Kemba Walker (14167907),Kemba Walker,14167907,PG/G/UTIL,7400,MEM@BOS 01/22/2020 07:30PM ET,BOS,38.14
SF/PF,Tobias Harris (14167910),Tobias Harris,14167910,SF/PF/F/UTIL,7300,PHI@TOR 01/22/2020 07:00PM ET,PHI,35.12
PG,Chris Paul (14167914),Chris Paul,14167914,PG/G/UTIL,7300,OKC@ORL 01/22/2020 07:00PM ET,OKC,36.36
PG/SG,Lou Williams (14167917),Lou Williams,14167917,PG/SG/G/UTIL,7300,LAC@ATL 01/22/2020 07:30PM ET,LAC,34.14
SG/SF,Bradley Beal (14167921),Bradley Beal,14167921,SG/SF/F/G/UTIL,7200,WAS@MIA 01/22/2020 07:30PM ET,WAS,44.85
PG/SG,Shai Gilgeous-Alexander (14167926),Shai Gilgeous-Alexander,14167926,PG/SG/G/UTIL,7200,OKC@ORL 01/22/2020 07:00PM ET,OKC,35.01
PG,Malcolm Brogdon (14167934),Malcolm Brogdon,14167934,PG/G/UTIL,7100,IND@PHO 01/22/2020 09:00PM ET,IND,35.80
PF/C,John Collins (14167930),John Collins,14167930,PF/C/F/UTIL,7100,LAC@ATL 01/22/2020 07:30PM ET,ATL,37.47
PG/SG,Derrick Rose (14167937),Derrick Rose,14167937,PG/SG/G/UTIL,7000,SAC@DET 01/22/2020 07:00PM ET,DET,31.86
SF/PF,Kelly Oubre Jr. (14167941),Kelly Oubre Jr.,14167941,SF/PF/F/UTIL,7000,IND@PHO 01/22/2020 09:00PM ET,PHO,33.37
PF/C,Pascal Siakam (14167945),Pascal Siakam,14167945,PF/C/F/UTIL,6900,PHI@TOR 01/22/2020 07:00PM ET,TOR,42.39
SF/PF,Danilo Gallinari (14167949),Danilo Gallinari,14167949,SF/PF/F/UTIL,6900,OKC@ORL 01/22/2020 07:00PM ET,OKC,32.25
PF/C,Al Horford (14167953),Al Horford,14167953,PF/C/F/UTIL,6800,PHI@TOR 01/22/2020 07:00PM ET,PHI,30.78
PG,Lonzo Ball (14167957),Lonzo Ball,14167957,PG/G/UTIL,6800,SA@NO 01/22/2020 09:30PM ET,NO,32.22
PF/C,LaMarcus Aldridge (14167965),LaMarcus Aldridge,14167965,PF/C/F/UTIL,6800,SA@NO 01/22/2020 09:30PM ET,SA,36.81
SG/SF,Buddy Hield (14167960),Buddy Hield,14167960,SG/SF/F/G/UTIL,6800,SAC@DET 01/22/2020 07:00PM ET,SAC,34.24
C,Montrezl Harrell (14167969),Montrezl Harrell,14167969,C/UTIL,6800,LAC@ATL 01/22/2020 07:30PM ET,LAC,33.49
C,Jonas Valanciunas (14167971),Jonas Valanciunas,14167971,C/UTIL,6700,MEM@BOS 01/22/2020 07:30PM ET,MEM,33.49
SG/SF,Jaylen Brown (14167983),Jaylen Brown,14167983,SG/SF/F/G/UTIL,6700,MEM@BOS 01/22/2020 07:30PM ET,BOS,35.04
SG/SF,Andrew Wiggins (14167976),Andrew Wiggins,14167976,SG/SF/F/G/UTIL,6700,MIN@CHI 01/22/2020 08:00PM ET,MIN,37.21
C,Derrick Favors (14167981),Derrick Favors,14167981,C/UTIL,6700,SA@NO 01/22/2020 09:30PM ET,NO,28.96
PF,Nemanja Bjelica (14167973),Nemanja Bjelica,14167973,PF/F/UTIL,6700,SAC@DET 01/22/2020 07:00PM ET,SAC,27.60
PG,Kyle Lowry (14167988),Kyle Lowry,14167988,PG/G/UTIL,6600,PHI@TOR 01/22/2020 07:00PM ET,TOR,40.90
PG/SG,Fred VanVleet (14167991),Fred VanVleet,14167991,PG/SG/G/UTIL,6600,PHI@TOR 01/22/2020 07:00PM ET,TOR,38.31
SF/PF,Michael Porter Jr. (14167995),Michael Porter Jr.,14167995,SF/PF/F/UTIL,6600,DEN@HOU 01/22/2020 08:00PM ET,DEN,14.42
PF/C,Jaren Jackson Jr. (14167999),Jaren Jackson Jr.,14167999,PF/C/F/UTIL,6500,MEM@BOS 01/22/2020 07:30PM ET,MEM,30.72
PF/C,Marvin Bagley III (14168003),Marvin Bagley III,14168003,PF/C/F/UTIL,6500,SAC@DET 01/22/2020 07:00PM ET,SAC,27.29
PG,Jamal Murray (14168011),Jamal Murray,14168011,PG/G/UTIL,6400,DEN@HOU 01/22/2020 08:00PM ET,DEN,32.58
PG/SG,Alec Burks (14168007),Alec Burks,14168007,PG/SG/G/UTIL,6400,UTA@GS 01/22/2020 10:00PM ET,GS,29.85
C,Steven Adams (14168014),Steven Adams,14168014,C/UTIL,6300,OKC@ORL 01/22/2020 07:00PM ET,OKC,30.74
PG/SG,Victor Oladipo (14168016),Victor Oladipo,14168016,PG/SG/G/UTIL,6300,IND@PHO 01/22/2020 09:00PM ET,IND,0
SG,Dillon Brooks (14168020),Dillon Brooks,14168020,SG/G/UTIL,6200,MEM@BOS 01/22/2020 07:30PM ET,MEM,26.18
SG/SF,Josh Richardson (14168027),Josh Richardson,14168027,SG/SF/F/G/UTIL,6100,PHI@TOR 01/22/2020 07:00PM ET,PHI,27.82
PG/SG,Kendrick Nunn (14168023),Kendrick Nunn,14168023,PG/SG/G/UTIL,6100,WAS@MIA 01/22/2020 07:30PM ET,MIA,27.49
PG/SG,Markelle Fultz (14168032),Markelle Fultz,14168032,PG/SG/G/UTIL,6000,OKC@ORL 01/22/2020 07:00PM ET,ORL,25.46
PG/SG,Dennis Schroder (14168036),Dennis Schroder,14168036,PG/SG/G/UTIL,6000,OKC@ORL 01/22/2020 07:00PM ET,OKC,30.11
SF/PF,Jonathan Isaac (14168040),Jonathan Isaac,14168040,SF/PF/F/UTIL,6000,OKC@ORL 01/22/2020 07:00PM ET,ORL,30.70
SF/PF,Eric Paschall (14168044),Eric Paschall,14168044,SF/PF/F/UTIL,6000,UTA@GS 01/22/2020 10:00PM ET,GS,23.96
SF/PF,Bojan Bogdanovic (14168048),Bojan Bogdanovic,14168048,SF/PF/F/UTIL,6000,UTA@GS 01/22/2020 10:00PM ET,UTA,30.86
PG,Goran Dragic (14168060),Goran Dragic,14168060,PG/G/UTIL,5900,WAS@MIA 01/22/2020 07:30PM ET,MIA,28
SF/PF,Aaron Gordon (14168052),Aaron Gordon,14168052,SF/PF/F/UTIL,5900,OKC@ORL 01/22/2020 07:00PM ET,ORL,29.30
SF/PF,Robert Covington (14168056),Robert Covington,14168056,SF/PF/F/UTIL,5900,MIN@CHI 01/22/2020 08:00PM ET,MIN,27.60
SF/PF,Marcus Morris Sr. (14168067),Marcus Morris Sr.,14168067,SF/PF/F/UTIL,5800,LAL@NY 01/22/2020 07:30PM ET,NY,31.19
SF/PF,Gordon Hayward (14168063),Gordon Hayward,14168063,SF/PF/F/UTIL,5800,MEM@BOS 01/22/2020 07:30PM ET,BOS,32.36
C,Wendell Carter Jr. (14168071),Wendell Carter Jr.,14168071,C/UTIL,5800,MIN@CHI 01/22/2020 08:00PM ET,CHI,29.16
SG,Damion Lee (14168073),Damion Lee,14168073,SG/G/UTIL,5800,UTA@GS 01/22/2020 10:00PM ET,GS,24.89
C,Richaun Holmes (14168076),Richaun Holmes,14168076,C/UTIL,5800,SAC@DET 01/22/2020 07:00PM ET,SAC,30.01
SG/SF,Norman Powell (14168078),Norman Powell,14168078,SG/SF/F/G/UTIL,5700,PHI@TOR 01/22/2020 07:00PM ET,TOR,26.57
PG/SG,RJ Barrett (14168088),RJ Barrett,14168088,PG/SG/G/UTIL,5700,LAL@NY 01/22/2020 07:30PM ET,NY,26.76
SG/SF,Evan Fournier (14168083),Evan Fournier,14168083,SG/SF/F/G/UTIL,5700,OKC@ORL 01/22/2020 07:00PM ET,ORL,30.04
PG/SG,Marcus Smart (14168092),Marcus Smart,14168092,PG/SG/G/UTIL,5700,MEM@BOS 01/22/2020 07:30PM ET,BOS,28.17
PF/C,Lauri Markkanen (14168096),Lauri Markkanen,14168096,PF/C/F/UTIL,5700,MIN@CHI 01/22/2020 08:00PM ET,CHI,28.37
PG/SF,Draymond Green (14168100),Draymond Green,14168100,PG/SF/F/G/UTIL,5700,UTA@GS 01/22/2020 10:00PM ET,GS,29.10
PG,Elfrid Payton (14168108),Elfrid Payton,14168108,PG/G/UTIL,5600,LAL@NY 01/22/2020 07:30PM ET,NY,25.44
PF/C,Jerami Grant (14168111),Jerami Grant,14168111,PF/C/F/UTIL,5600,DEN@HOU 01/22/2020 08:00PM ET,DEN,18.46
SG,Luke Kennard (14168105),Luke Kennard,14168105,SG/G/UTIL,5600,SAC@DET 01/22/2020 07:00PM ET,DET,28.14
SF/PF,T.J. Warren (14168115),T.J. Warren,14168115,SF/PF/F/UTIL,5500,IND@PHO 01/22/2020 09:00PM ET,IND,27.52
SF/PF,Harrison Barnes (14168119),Harrison Barnes,14168119,SF/PF/F/UTIL,5400,SAC@DET 01/22/2020 07:00PM ET,SAC,26.21
PG,Patrick Beverley (14168123),Patrick Beverley,14168123,PG/G/UTIL,5400,LAC@ATL 01/22/2020 07:30PM ET,LAC,25.83
C,Ian Mahinmi (14168129),Ian Mahinmi,14168129,C/UTIL,5300,WAS@MIA 01/22/2020 07:30PM ET,WAS,21.96
SG/SF,Joe Ingles (14168131),Joe Ingles,14168131,SG/SF/F/G/UTIL,5300,UTA@GS 01/22/2020 10:00PM ET,UTA,25.93
SG/SF,Bogdan Bogdanovic (14168136),Bogdan Bogdanovic,14168136,SG/SF/F/G/UTIL,5300,SAC@DET 01/22/2020 07:00PM ET,SAC,26.40
SG,Kevin Huerter (14168126),Kevin Huerter,14168126,SG/G/UTIL,5300,LAC@ATL 01/22/2020 07:30PM ET,ATL,24.76
SG/SF,Terrence Ross (14168141),Terrence Ross,14168141,SG/SF/F/G/UTIL,5200,OKC@ORL 01/22/2020 07:00PM ET,ORL,21.91
PG,Dejounte Murray (14168146),Dejounte Murray,14168146,PG/G/UTIL,5200,SA@NO 01/22/2020 09:30PM ET,SA,26.82
SF/PF,Otto Porter Jr. (14168149),Otto Porter Jr.,14168149,SF/PF/F/UTIL,5100,MIN@CHI 01/22/2020 08:00PM ET,CHI,21.03
PG,Shabazz Napier (14168153),Shabazz Napier,14168153,PG/G/UTIL,5100,MIN@CHI 01/22/2020 08:00PM ET,MIN,21.27
C,Serge Ibaka (14168156),Serge Ibaka,14168156,C/UTIL,5000,PHI@TOR 01/22/2020 07:00PM ET,TOR,29.78
PF,Davis Bertans (14168164),Davis Bertans,14168164,PF/F/UTIL,5000,WAS@MIA 01/22/2020 07:30PM ET,WAS,27.46
C,Moritz Wagner (14168167),Moritz Wagner,14168167,C/UTIL,5000,WAS@MIA 01/22/2020 07:30PM ET,WAS,23.49
C,Rui Hachimura (14168169),Rui Hachimura,14168169,C/UTIL,5000,WAS@MIA 01/22/2020 07:30PM ET,WAS,25.17
PG/SG,Jarrett Culver (14168171),Jarrett Culver,14168171,PG/SG/G/UTIL,5000,MIN@CHI 01/22/2020 08:00PM ET,MIN,20.54
PF,Thaddeus Young (14168175),Thaddeus Young,14168175,PF/F/UTIL,5000,MIN@CHI 01/22/2020 08:00PM ET,CHI,20.11
C,Willie Cauley-Stein (14168183),Willie Cauley-Stein,14168183,C/UTIL,5000,UTA@GS 01/22/2020 10:00PM ET,GS,22.38
PF/C,Zion Williamson (14168160),Zion Williamson,14168160,PF/C/F/UTIL,5000,SA@NO 01/22/2020 09:30PM ET,NO,0
SG/SF,Svi Mykhailiuk (14168178),Svi Mykhailiuk,14168178,SG/SF/F/G/UTIL,5000,SAC@DET 01/22/2020 07:00PM ET,DET,14.56
C,Myles Turner (14168158),Myles Turner,14168158,C/UTIL,5000,IND@PHO 01/22/2020 09:00PM ET,IND,27.24
SF/PF,Kyle Kuzma (14168185),Kyle Kuzma,14168185,SF/PF/F/UTIL,4900,LAL@NY 01/22/2020 07:30PM ET,LAL,21.08
C,Daniel Theis (14168189),Daniel Theis,14168189,C/UTIL,4900,MEM@BOS 01/22/2020 07:30PM ET,BOS,21.51
PG,Tomas Satoransky (14168191),Tomas Satoransky,14168191,PG/G/UTIL,4900,MIN@CHI 01/22/2020 08:00PM ET,CHI,25.06
PG/SF,Kris Dunn (14168194),Kris Dunn,14168194,PG/SF/F/G/UTIL,4900,MIN@CHI 01/22/2020 08:00PM ET,CHI,20.87
C,Marc Gasol (14168199),Marc Gasol,14168199,C/UTIL,4800,PHI@TOR 01/22/2020 07:00PM ET,TOR,24.63
PG,Ish Smith (14168201),Ish Smith,14168201,PG/G/UTIL,4800,WAS@MIA 01/22/2020 07:30PM ET,WAS,24.08
PG,Monte Morris (14168219),Monte Morris,14168219,PG/G/UTIL,4800,DEN@HOU 01/22/2020 08:00PM ET,DEN,16.41
PF/C,Paul Millsap (14168226),Paul Millsap,14168226,PF/C/F/UTIL,4800,DEN@HOU 01/22/2020 08:00PM ET,DEN,24.34
PF/C,Brandon Clarke (14168211),Brandon Clarke,14168211,PF/C/F/UTIL,4800,MEM@BOS 01/22/2020 07:30PM ET,MEM,23.84
PG/SG,De'Anthony Melton (14168215),De'Anthony Melton,14168215,PG/SG/G/UTIL,4800,MEM@BOS 01/22/2020 07:30PM ET,MEM,20.19
C,Daniel Gafford (14168204),Daniel Gafford,14168204,C/UTIL,4800,MIN@CHI 01/22/2020 08:00PM ET,CHI,11.40
SG/SF,Glenn Robinson III (14168206),Glenn Robinson III,14168206,SG/SF/F/G/UTIL,4800,UTA@GS 01/22/2020 10:00PM ET,GS,23.30
PG/SG,Derrick White (14168222),Derrick White,14168222,PG/SG/G/UTIL,4800,SA@NO 01/22/2020 09:30PM ET,SA,20.91
C,Mitchell Robinson (14168230),Mitchell Robinson,14168230,C/UTIL,4700,LAL@NY 01/22/2020 07:30PM ET,NY,23.78
PG/SG,Jordan McRae (14168240),Jordan McRae,14168240,PG/SG/G/UTIL,4700,WAS@MIA 01/22/2020 07:30PM ET,WAS,24.15
SF/PF,Troy Brown Jr. (14168244),Troy Brown Jr.,14168244,SF/PF/F/UTIL,4700,WAS@MIA 01/22/2020 07:30PM ET,WAS,23.79
PF/C,Mason Plumlee (14168248),Mason Plumlee,14168248,PF/C/F/UTIL,4700,DEN@HOU 01/22/2020 08:00PM ET,DEN,19.55
SG,Gary Harris (14168252),Gary Harris,14168252,SG/G/UTIL,4700,DEN@HOU 01/22/2020 08:00PM ET,DEN,21.35
PG/SG,Malik Beasley (14168255),Malik Beasley,14168255,PG/SG/G/UTIL,4700,DEN@HOU 01/22/2020 08:00PM ET,DEN,12.69
PF/C,Luke Kornet (14168236),Luke Kornet,14168236,PF/C/F/UTIL,4700,MIN@CHI 01/22/2020 08:00PM ET,CHI,9.9
PG,Mike Conley (14168259),Mike Conley,14168259,PG/G/UTIL,4700,UTA@GS 01/22/2020 10:00PM ET,UTA,25.51
SF/PF,De'Andre Hunter (14168232),De'Andre Hunter,14168232,SF/PF/F/UTIL,4700,LAC@ATL 01/22/2020 07:30PM ET,ATL,21.33
SG/SF,Matisse Thybulle (14168285),Matisse Thybulle,14168285,SG/SF/F/G/UTIL,4600,PHI@TOR 01/22/2020 07:00PM ET,PHI,13.32
SG/SF,Duncan Robinson (14168266),Duncan Robinson,14168266,SG/SF/F/G/UTIL,4600,WAS@MIA 01/22/2020 07:30PM ET,MIA,20.40
SF/PF,Sekou Doumbouya (14168262),Sekou Doumbouya,14168262,SF/PF/F/UTIL,4600,SAC@DET 01/22/2020 07:00PM ET,DET,14.07
SF/PF,Dario Saric (14168271),Dario Saric,14168271,SF/PF/F/UTIL,4600,IND@PHO 01/22/2020 09:00PM ET,PHO,22.72
SG/SF,Mikal Bridges (14168275),Mikal Bridges,14168275,SG/SF/F/G/UTIL,4600,IND@PHO 01/22/2020 09:00PM ET,PHO,17.58
SG/SF,Jeremy Lamb (14168280),Jeremy Lamb,14168280,SG/SF/F/G/UTIL,4600,IND@PHO 01/22/2020 09:00PM ET,IND,25.67
C,Dwight Howard (14168290),Dwight Howard,14168290,C/UTIL,4500,LAL@NY 01/22/2020 07:30PM ET,LAL,21.48
C,Thomas Bryant (14168306),Thomas Bryant,14168306,C/UTIL,4500,WAS@MIA 01/22/2020 07:30PM ET,WAS,28.04
C,Enes Kanter (14168297),Enes Kanter,14168297,C/UTIL,4500,MEM@BOS 01/22/2020 07:30PM ET,BOS,23.59
SF,Jae Crowder (14168303),Jae Crowder,14168303,SF/F/UTIL,4500,MEM@BOS 01/22/2020 07:30PM ET,MEM,25.48
PG/SG,Jordan Clarkson (14168299),Jordan Clarkson,14168299,PG/SG/G/UTIL,4500,UTA@GS 01/22/2020 10:00PM ET,UTA,22.96
SG/SF,Cam Reddish (14168292),Cam Reddish,14168292,SG/SF/F/G/UTIL,4500,LAC@ATL 01/22/2020 07:30PM ET,ATL,18.56
C,JaVale McGee (14168308),JaVale McGee,14168308,C/UTIL,4400,LAL@NY 01/22/2020 07:30PM ET,LAL,20.08
PF/C,James Johnson (14168327),James Johnson,14168327,PF/C/F/UTIL,4400,WAS@MIA 01/22/2020 07:30PM ET,MIA,14.08
SG/SF,Eric Gordon (14168315),Eric Gordon,14168315,SG/SF/F/G/UTIL,4400,DEN@HOU 01/22/2020 08:00PM ET,HOU,19.40
C,Nerlens Noel (14168322),Nerlens Noel,14168322,C/UTIL,4400,OKC@ORL 01/22/2020 07:00PM ET,OKC,21.15
C,Jahlil Okafor (14168320),Jahlil Okafor,14168320,C/UTIL,4400,SA@NO 01/22/2020 09:30PM ET,NO,17.88
PG/SF,Bruce Brown (14168310),Bruce Brown,14168310,PG/SF/F/G/UTIL,4400,SAC@DET 01/22/2020 07:00PM ET,DET,22.63
PF,JaMychal Green (14168324),JaMychal Green,14168324,PF/F/UTIL,4400,LAC@ATL 01/22/2020 07:30PM ET,LAC,18.11
PG/SF,Justise Winslow (14168334),Justise Winslow,14168334,PG/SF/F/G/UTIL,4300,WAS@MIA 01/22/2020 07:30PM ET,MIA,27.25
PG,D.J. Augustin (14168331),D.J. Augustin,14168331,PG/G/UTIL,4300,OKC@ORL 01/22/2020 07:00PM ET,ORL,22.11
PG/SG,Coby White (14168341),Coby White,14168341,PG/SG/G/UTIL,4300,MIN@CHI 01/22/2020 08:00PM ET,CHI,20.86
C,Alex Len (14168339),Alex Len,14168339,C/UTIL,4300,LAC@ATL 01/22/2020 07:30PM ET,ATL,20.40
SF/PF,OG Anunoby (14168345),OG Anunoby,14168345,SF/PF/F/UTIL,4200,PHI@TOR 01/22/2020 07:00PM ET,TOR,24.32
SG/SF,Reggie Bullock (14168354),Reggie Bullock,14168354,SG/SF/F/G/UTIL,4200,LAL@NY 01/22/2020 07:30PM ET,NY,18.68
SF/PF,Danuel House Jr. (14168367),Danuel House Jr.,14168367,SF/PF/F/UTIL,4200,DEN@HOU 01/22/2020 08:00PM ET,HOU,20.47
SG/SF,Josh Hart (14168349),Josh Hart,14168349,SG/SF/F/G/UTIL,4200,SA@NO 01/22/2020 09:30PM ET,NO,23.84
PF/C,Nicolo Melli (14168363),Nicolo Melli,14168363,PF/C/F/UTIL,4200,SA@NO 01/22/2020 09:30PM ET,NO,12.04
PF/C,Markieff Morris (14168359),Markieff Morris,14168359,PF/C/F/UTIL,4200,SAC@DET 01/22/2020 07:00PM ET,DET,19.76
PG,T.J. McConnell (14168371),T.J. McConnell,14168371,PG/G/UTIL,4200,IND@PHO 01/22/2020 09:00PM ET,IND,18.88
PG,Rajon Rondo (14168406),Rajon Rondo,14168406,PG/G/UTIL,4100,LAL@NY 01/22/2020 07:30PM ET,LAL,21.97
SG,Tyler Herro (14168376),Tyler Herro,14168376,SG/G/UTIL,4100,WAS@MIA 01/22/2020 07:30PM ET,MIA,22.94
PF/C,P.J. Tucker (14168409),P.J. Tucker,14168409,PF/C/F/UTIL,4100,DEN@HOU 01/22/2020 08:00PM ET,HOU,22.10
SG/SF,Josh Okogie (14168396),Josh Okogie,14168396,SG/SF/F/G/UTIL,4100,MIN@CHI 01/22/2020 08:00PM ET,MIN,18.54
SG/SF,JJ Redick (14168379),JJ Redick,14168379,SG/SF/F/G/UTIL,4100,SA@NO 01/22/2020 09:30PM ET,NO,24.10
SF/PF,Rudy Gay (14168384),Rudy Gay,14168384,SF/PF/F/UTIL,4100,SA@NO 01/22/2020 09:30PM ET,SA,22.91
PG/SG,Bryn Forbes (14168388),Bryn Forbes,14168388,PG/SG/G/UTIL,4100,SA@NO 01/22/2020 09:30PM ET,SA,18.56
PF/C,Trey Lyles (14168392),Trey Lyles,14168392,PF/C/F/UTIL,4100,SA@NO 01/22/2020 09:30PM ET,SA,15.17
SG/SF,Justin Holiday (14168401),Justin Holiday,14168401,SG/SF/F/G/UTIL,4100,IND@PHO 01/22/2020 09:00PM ET,IND,18.37
C,Ivica Zubac (14168374),Ivica Zubac,14168374,C/UTIL,4100,LAC@ATL 01/22/2020 07:30PM ET,LAC,20.22
PG/SG,Terence Davis (14168419),Terence Davis,14168419,PG/SG/G/UTIL,4000,PHI@TOR 01/22/2020 07:00PM ET,TOR,16.19
SF,Danny Green (14168433),Danny Green,14168433,SF/F/UTIL,4000,LAL@NY 01/22/2020 07:30PM ET,LAL,19.43
PF,Meyers Leonard (14168423),Meyers Leonard,14168423,PF/F/UTIL,4000,WAS@MIA 01/22/2020 07:30PM ET,MIA,15.59
SF,Royce O'Neale (14168441),Royce O'Neale,14168441,SF/F/UTIL,4000,UTA@GS 01/22/2020 10:00PM ET,UTA,18.94
SG/SF,Jordan Poole (14168444),Jordan Poole,14168444,SG/SF/F/G/UTIL,4000,UTA@GS 01/22/2020 10:00PM ET,GS,14.92
C,Jaxson Hayes (14168417),Jaxson Hayes,14168417,C/UTIL,4000,SA@NO 01/22/2020 09:30PM ET,NO,19.34
PF/C,Christian Wood (14168413),Christian Wood,14168413,PF/C/F/UTIL,4000,SAC@DET 01/22/2020 07:00PM ET,DET,19.6
SG/SF,Kent Bazemore (14168436),Kent Bazemore,14168436,SG/SF/F/G/UTIL,4000,SAC@DET 01/22/2020 07:00PM ET,SAC,18.52
SF/PF,Cameron Johnson (14168429),Cameron Johnson,14168429,SF/PF/F/UTIL,4000,IND@PHO 01/22/2020 09:00PM ET,PHO,15.10
PG,Jeff Teague (14168426),Jeff Teague,14168426,PG/G/UTIL,4000,LAC@ATL 01/22/2020 07:30PM ET,ATL,26.78
SF/PF,Rondae Hollis-Jefferson (14168458),Rondae Hollis-Jefferson,14168458,SF/PF/F/UTIL,3900,PHI@TOR 01/22/2020 07:00PM ET,TOR,19.72
SG/SF,Kentavious Caldwell-Pope (14168449),Kentavious Caldwell-Pope,14168449,SG/SF/F/G/UTIL,3900,LAL@NY 01/22/2020 07:30PM ET,LAL,17.44
PF/C,Bobby Portis (14168454),Bobby Portis,14168454,PF/C/F/UTIL,3900,LAL@NY 01/22/2020 07:30PM ET,NY,20.86
SF/PF,Derrick Jones Jr. (14168462),Derrick Jones Jr.,14168462,SF/PF/F/UTIL,3900,WAS@MIA 01/22/2020 07:30PM ET,MIA,18.65
C,Gorgui Dieng (14168466),Gorgui Dieng,14168466,C/UTIL,3900,MIN@CHI 01/22/2020 08:00PM ET,MIN,21.44
PF/C,Marquese Chriss (14168472),Marquese Chriss,14168472,PF/C/F/UTIL,3900,UTA@GS 01/22/2020 10:00PM ET,GS,19.24
SF/PF,Moe Harkless (14168468),Moe Harkless,14168468,SF/PF/F/UTIL,3900,LAC@ATL 01/22/2020 07:30PM ET,LAC,14.91
PG,Frank Ntilikina (14168495),Frank Ntilikina,14168495,PG/G/UTIL,3800,LAL@NY 01/22/2020 07:30PM ET,NY,16.08
SF/PF,Georges Niang (14168503),Georges Niang,14168503,SF/PF/F/UTIL,3800,UTA@GS 01/22/2020 10:00PM ET,UTA,10.01
SG/SF,E'Twaun Moore (14168479),E'Twaun Moore,14168479,SG/SF/F/G/UTIL,3800,SA@NO 01/22/2020 09:30PM ET,NO,18.77
PG/SG,Patty Mills (14168484),Patty Mills,14168484,PG/SG/G/UTIL,3800,SA@NO 01/22/2020 09:30PM ET,SA,19.13
C,Jakob Poeltl (14168488),Jakob Poeltl,14168488,C/UTIL,3800,SA@NO 01/22/2020 09:30PM ET,SA,18.40
SG/SF,Tony Snell (14168498),Tony Snell,14168498,SG/SF/F/G/UTIL,3800,SAC@DET 01/22/2020 07:00PM ET,DET,14.47
PF,Jabari Parker (14168476),Jabari Parker,14168476,PF/F/UTIL,3800,LAC@ATL 01/22/2020 07:30PM ET,ATL,28.38
SG/SF,Landry Shamet (14168490),Landry Shamet,14168490,SG/SF/F/G/UTIL,3800,LAC@ATL 01/22/2020 07:30PM ET,LAC,15.98
PF,Mike Scott (14168511),Mike Scott,14168511,PF/F/UTIL,3700,PHI@TOR 01/22/2020 07:00PM ET,PHI,12.02
PG/SG,Gary Payton II (14168514),Gary Payton II,14168514,PG/SG/G/UTIL,3700,WAS@MIA 01/22/2020 07:30PM ET,WAS,19.61
SF/PF,Isaac Bonga (14168518),Isaac Bonga,14168518,SF/PF/F/UTIL,3700,WAS@MIA 01/22/2020 07:30PM ET,WAS,12.06
PF/C,Omari Spellman (14168507),Omari Spellman,14168507,PF/C/F/UTIL,3700,UTA@GS 01/22/2020 10:00PM ET,GS,17.44
PG/SG,Langston Galloway (14168522),Langston Galloway,14168522,PG/SG/G/UTIL,3700,SAC@DET 01/22/2020 07:00PM ET,DET,17.62
SG,Furkan Korkmaz (14168529),Furkan Korkmaz,14168529,SG/G/UTIL,3600,PHI@TOR 01/22/2020 07:00PM ET,PHI,14.66
SF,Damyean Dotson (14168526),Damyean Dotson,14168526,SF/F/UTIL,3600,LAL@NY 01/22/2020 07:30PM ET,NY,11.60
C,Tony Bradley (14168541),Tony Bradley,14168541,C/UTIL,3600,UTA@GS 01/22/2020 10:00PM ET,UTA,11.20
SF/PF,Doug McDermott (14168537),Doug McDermott,14168537,SF/PF/F/UTIL,3600,IND@PHO 01/22/2020 09:00PM ET,IND,16.11
SG/SF,Rodney McGruder (14168532),Rodney McGruder,14168532,SG/SF/F/G/UTIL,3600,LAC@ATL 01/22/2020 07:30PM ET,LAC,9.78
SG/SF,Wayne Ellington (14168552),Wayne Ellington,14168552,SG/SF/F/G/UTIL,3500,LAL@NY 01/22/2020 07:30PM ET,NY,8.72
PG,Quinn Cook (14168561),Quinn Cook,14168561,PG/G/UTIL,3500,LAL@NY 01/22/2020 07:30PM ET,LAL,9.80
C,Kelly Olynyk (14168569),Kelly Olynyk,14168569,C/UTIL,3500,WAS@MIA 01/22/2020 07:30PM ET,MIA,16.83
SG/SF,Ben McLemore (14168543),Ben McLemore,14168543,SG/SF/F/G/UTIL,3500,DEN@HOU 01/22/2020 08:00PM ET,HOU,17.33
SG/SF,Torrey Craig (14168564),Torrey Craig,14168564,SG/SF/F/G/UTIL,3500,DEN@HOU 01/22/2020 08:00PM ET,DEN,8.73
PG/SG,Michael Carter-Williams (14168548),Michael Carter-Williams,14168548,PG/SG/G/UTIL,3500,OKC@ORL 01/22/2020 07:00PM ET,ORL,14.66
PF/C,Mike Muscala (14168557),Mike Muscala,14168557,PF/C/F/UTIL,3500,OKC@ORL 01/22/2020 07:00PM ET,OKC,9.54
PG,Tyus Jones (14168571),Tyus Jones,14168571,PG/G/UTIL,3500,MEM@BOS 01/22/2020 07:30PM ET,MEM,17.09
PG/SG,Alex Caruso (14168587),Alex Caruso,14168587,PG/SG/G/UTIL,3400,LAL@NY 01/22/2020 07:30PM ET,LAL,13.13
PG,Isaiah Thomas (14168591),Isaiah Thomas,14168591,PG/G/UTIL,3400,WAS@MIA 01/22/2020 07:30PM ET,WAS,20.52
C,Anzejs Pasecniks (14168594),Anzejs Pasecniks,14168594,C/UTIL,3400,WAS@MIA 01/22/2020 07:30PM ET,WAS,17.67
SG/SF,Hamidou Diallo (14168582),Hamidou Diallo,14168582,SG/SF/F/G/UTIL,3400,OKC@ORL 01/22/2020 07:00PM ET,OKC,13.83
C,Mo Bamba (14168600),Mo Bamba,14168600,C/UTIL,3400,OKC@ORL 01/22/2020 07:00PM ET,ORL,16.52
PG/SG,Brad Wanamaker (14168574),Brad Wanamaker,14168574,PG/SG/G/UTIL,3400,MEM@BOS 01/22/2020 07:30PM ET,BOS,14.18
C,Cristiano Felicio (14168578),Cristiano Felicio,14168578,C/UTIL,3400,MIN@CHI 01/22/2020 08:00PM ET,CHI,4.65
C,Aron Baynes (14168580),Aron Baynes,14168580,C/UTIL,3400,IND@PHO 01/22/2020 09:00PM ET,PHO,23.22
PG/SG,Aaron Holiday (14168596),Aaron Holiday,14168596,PG/SG/G/UTIL,3400,IND@PHO 01/22/2020 09:00PM ET,IND,20.45
C,Kyle O'Quinn (14168602),Kyle O'Quinn,14168602,C/UTIL,3300,PHI@TOR 01/22/2020 07:00PM ET,PHI,11.94
SG,Avery Bradley (14168607),Avery Bradley,14168607,SG/G/UTIL,3300,LAL@NY 01/22/2020 07:30PM ET,LAL,13.99
PF,Darius Bazley (14168604),Darius Bazley,14168604,PF/F/UTIL,3300,OKC@ORL 01/22/2020 07:00PM ET,OKC,11.78
SF/PF,Kyle Anderson (14168610),Kyle Anderson,14168610,SF/PF/F/UTIL,3300,MEM@BOS 01/22/2020 07:30PM ET,MEM,14.55
PG,Emmanuel Mudiay (14168614),Emmanuel Mudiay,14168614,PG/G/UTIL,3300,UTA@GS 01/22/2020 10:00PM ET,UTA,15.11
PG/SF,Patrick McCaw (14168617),Patrick McCaw,14168617,PG/SF/F/G/UTIL,3200,PHI@TOR 01/22/2020 07:00PM ET,TOR,15.08
SF/PF,Kevin Knox II (14168625),Kevin Knox II,14168625,SF/PF/F/UTIL,3200,LAL@NY 01/22/2020 07:30PM ET,NY,15.10
SF/PF,Admiral Schofield (14168646),Admiral Schofield,14168646,SF/PF/F/UTIL,3200,WAS@MIA 01/22/2020 07:30PM ET,WAS,7.03
SG/SF,Garrison Mathews (14168650),Garrison Mathews,14168650,SG/SF/F/G/UTIL,3200,WAS@MIA 01/22/2020 07:30PM ET,WAS,10.02
PF/C,Isaiah Hartenstein (14168639),Isaiah Hartenstein,14168639,PF/C/F/UTIL,3200,DEN@HOU 01/22/2020 08:00PM ET,HOU,14.57
SF,Wes Iwundu (14168622),Wes Iwundu,14168622,SF/F/UTIL,3200,OKC@ORL 01/22/2020 07:00PM ET,ORL,11.49
SG,Javonte Green (14168629),Javonte Green,14168629,SG/G/UTIL,3200,MEM@BOS 01/22/2020 07:30PM ET,BOS,6.54
SF,Marco Belinelli (14168655),Marco Belinelli,14168655,SF/F/UTIL,3200,SA@NO 01/22/2020 09:30PM ET,SA,10.49
PG,Elie Okobo (14168643),Elie Okobo,14168643,PG/G/UTIL,3200,IND@PHO 01/22/2020 09:00PM ET,PHO,10.49
C,Damian Jones (14168632),Damian Jones,14168632,C/UTIL,3200,LAC@ATL 01/22/2020 07:30PM ET,ATL,13.60
SG/SF,DeAndre' Bembry (14168634),DeAndre' Bembry,14168634,SG/SF/F/G/UTIL,3200,LAC@ATL 01/22/2020 07:30PM ET,ATL,16.02
SG,Jerome Robinson (14168658),Jerome Robinson,14168658,SG/G/UTIL,3200,LAC@ATL 01/22/2020 07:30PM ET,LAC,7.69
PG,Raul Neto (14168709),Raul Neto,14168709,PG/G/UTIL,3100,PHI@TOR 01/22/2020 07:00PM ET,PHI,8.35
C,Taj Gibson (14168665),Taj Gibson,14168665,C/UTIL,3100,LAL@NY 01/22/2020 07:30PM ET,NY,13.49
SG/SF,PJ Dozier (14168689),PJ Dozier,14168689,SG/SF/F/G/UTIL,3100,DEN@HOU 01/22/2020 08:00PM ET,DEN,11.88
PF/C,Khem Birch (14168661),Khem Birch,14168661,PF/C/F/UTIL,3100,OKC@ORL 01/22/2020 07:00PM ET,ORL,13.28
PG/SG,Grayson Allen (14168681),Grayson Allen,14168681,PG/SG/G/UTIL,3100,MEM@BOS 01/22/2020 07:30PM ET,MEM,13.10
PF,Semi Ojeleye (14168706),Semi Ojeleye,14168706,PF/F/UTIL,3100,MEM@BOS 01/22/2020 07:30PM ET,BOS,6.43
SF/PF,Keita Bates-Diop (14168694),Keita Bates-Diop,14168694,SF/PF/F/UTIL,3100,MIN@CHI 01/22/2020 08:00PM ET,MIN,13.93
PG/SG,Nickeil Alexander-Walker (14168675),Nickeil Alexander-Walker,14168675,PG/SG/G/UTIL,3100,SA@NO 01/22/2020 09:30PM ET,NO,12.75
SG/SF,Lonnie Walker IV (14168698),Lonnie Walker IV,14168698,SG/SF/F/G/UTIL,3100,SA@NO 01/22/2020 09:30PM ET,SA,10.24
PG,Frank Jackson (14168703),Frank Jackson,14168703,PG/G/UTIL,3100,SA@NO 01/22/2020 09:30PM ET,NO,9.97
C,Dewayne Dedmon (14168679),Dewayne Dedmon,14168679,C/UTIL,3100,SAC@DET 01/22/2020 07:00PM ET,SAC,11.80
SF/PF,Vince Carter (14168667),Vince Carter,14168667,SF/PF/F/UTIL,3100,LAC@ATL 01/22/2020 07:30PM ET,ATL,10.45
PG/SG,Brandon Goodwin (14168671),Brandon Goodwin,14168671,PG/SG/G/UTIL,3100,LAC@ATL 01/22/2020 07:30PM ET,ATL,11.75
PF/C,Patrick Patterson (14168685),Patrick Patterson,14168685,PF/C/F/UTIL,3100,LAC@ATL 01/22/2020 07:30PM ET,LAC,10.24
SG/SF,Malcolm Miller (14168712),Malcolm Miller,14168712,SG/SF/F/G/UTIL,3000,PHI@TOR 01/22/2020 07:00PM ET,TOR,2.98
SG,Matt Thomas (14168717),Matt Thomas,14168717,SG/G/UTIL,3000,PHI@TOR 01/22/2020 07:00PM ET,TOR,8.02
SG,Paul Watson (14168720),Paul Watson,14168720,SG/G/UTIL,3000,PHI@TOR 01/22/2020 07:00PM ET,TOR,4.5
SF/PF,Stanley Johnson (14168723),Stanley Johnson,14168723,SF/PF/F/UTIL,3000,PHI@TOR 01/22/2020 07:00PM ET,TOR,3.52
C,Chris Boucher (14168727),Chris Boucher,14168727,C/UTIL,3000,PHI@TOR 01/22/2020 07:00PM ET,TOR,14.91
PF/C,Dewan Hernandez (14168729),Dewan Hernandez,14168729,PF/C/F/UTIL,3000,PHI@TOR 01/22/2020 07:00PM ET,TOR,3.56
SF,Oshae Brissett (14168733),Oshae Brissett,14168733,SF/F/UTIL,3000,PHI@TOR 01/22/2020 07:00PM ET,TOR,5.27
SF/PF,James Ennis III (14168965),James Ennis III,14168965,SF/PF/F/UTIL,3000,PHI@TOR 01/22/2020 07:00PM ET,PHI,13.52
PG/SG,Trey Burke (14168969),Trey Burke,14168969,PG/SG/G/UTIL,3000,PHI@TOR 01/22/2020 07:00PM ET,PHI,12.69
C,Norvel Pelle (14168973),Norvel Pelle,14168973,C/UTIL,3000,PHI@TOR 01/22/2020 07:00PM ET,PHI,10.64
SG,Marial Shayok (14168975),Marial Shayok,14168975,SG/G/UTIL,3000,PHI@TOR 01/22/2020 07:00PM ET,PHI,0
PF/C,Jonah Bolden (14168978),Jonah Bolden,14168978,PF/C/F/UTIL,3000,PHI@TOR 01/22/2020 07:00PM ET,PHI,2.08
PG/SG,Shake Milton (14168982),Shake Milton,14168982,PG/SG/G/UTIL,3000,PHI@TOR 01/22/2020 07:00PM ET,PHI,6.60
SG/SF,Zhaire Smith (14168986),Zhaire Smith,14168986,SG/SF/F/G/UTIL,3000,PHI@TOR 01/22/2020 07:00PM ET,PHI,0
PG/SG,Kadeem Allen (14168784),Kadeem Allen,14168784,PG/SG/G/UTIL,3000,LAL@NY 01/22/2020 07:30PM ET,NY,10.33
SG,Allonzo Trier (14168788),Allonzo Trier,14168788,SG/G/UTIL,3000,LAL@NY 01/22/2020 07:30PM ET,NY,9.9
PG,Dennis Smith Jr. (14168791),Dennis Smith Jr.,14168791,PG/G/UTIL,3000,LAL@NY 01/22/2020 07:30PM ET,NY,13.07
C,Kenny Wooten (14168794),Kenny Wooten,14168794,C/UTIL,3000,LAL@NY 01/22/2020 07:30PM ET,NY,0
PF,Ignas Brazdeikis (14168796),Ignas Brazdeikis,14168796,PF/F/UTIL,3000,LAL@NY 01/22/2020 07:30PM ET,NY,3.42
SF/PF,Jared Dudley (14169041),Jared Dudley,14169041,SF/PF/F/UTIL,3000,LAL@NY 01/22/2020 07:30PM ET,LAL,4.48
C,DeMarcus Cousins (14169045),DeMarcus Cousins,14169045,C/UTIL,3000,LAL@NY 01/22/2020 07:30PM ET,LAL,0
SG,Troy Daniels (14169047),Troy Daniels,14169047,SG/G/UTIL,3000,LAL@NY 01/22/2020 07:30PM ET,LAL,7.63
PF,Devontae Cacok (14169050),Devontae Cacok,14169050,PF/F/UTIL,3000,LAL@NY 01/22/2020 07:30PM ET,LAL,0
PF,Kostas Antetokounmpo (14169053),Kostas Antetokounmpo,14169053,PF/F/UTIL,3000,LAL@NY 01/22/2020 07:30PM ET,LAL,0.92
SG/SF,Talen Horton-Tucker (14169056),Talen Horton-Tucker,14169056,SG/SF/F/G/UTIL,3000,LAL@NY 01/22/2020 07:30PM ET,LAL,2.5
C,Udonis Haslem (14168799),Udonis Haslem,14168799,C/UTIL,3000,WAS@MIA 01/22/2020 07:30PM ET,MIA,4.38
SG/SF,Dion Waiters (14168801),Dion Waiters,14168801,SG/SF/F/G/UTIL,3000,WAS@MIA 01/22/2020 07:30PM ET,MIA,0
PG,Gabe Vincent (14168806),Gabe Vincent,14168806,PG/G/UTIL,3000,WAS@MIA 01/22/2020 07:30PM ET,MIA,0
C,Chris Silva (14168809),Chris Silva,14168809,C/UTIL,3000,WAS@MIA 01/22/2020 07:30PM ET,MIA,8.95
PF,Kyle Alexander (14168811),Kyle Alexander,14168811,PF/F/UTIL,3000,WAS@MIA 01/22/2020 07:30PM ET,MIA,0
SF/PF,KZ Okpala (14168814),KZ Okpala,14168814,SF/PF/F/UTIL,3000,WAS@MIA 01/22/2020 07:30PM ET,MIA,0.25
PG,John Wall (14169061),John Wall,14169061,PG/G/UTIL,3000,WAS@MIA 01/22/2020 07:30PM ET,WAS,0
PF/C,Johnathan Williams (14169064),Johnathan Williams,14169064,PF/C/F/UTIL,3000,WAS@MIA 01/22/2020 07:30PM ET,WAS,14.64
C,Tyson Chandler (14168858),Tyson Chandler,14168858,C/UTIL,3000,DEN@HOU 01/22/2020 08:00PM ET,HOU,5.98
C,Nene Hilario (14168860),Nene Hilario,14168860,C/UTIL,3000,DEN@HOU 01/22/2020 08:00PM ET,HOU,0
SG/SF,Gerald Green (14168862),Gerald Green,14168862,SG/SF/F/G/UTIL,3000,DEN@HOU 01/22/2020 08:00PM ET,HOU,0
SF/PF,Thabo Sefolosha (14168867),Thabo Sefolosha,14168867,SF/PF/F/UTIL,3000,DEN@HOU 01/22/2020 08:00PM ET,HOU,6.95
PG/SG,Austin Rivers (14168871),Austin Rivers,14168871,PG/SG/G/UTIL,3000,DEN@HOU 01/22/2020 08:00PM ET,HOU,14.80
PG/SG,Michael Frazier (14168875),Michael Frazier,14168875,PG/SG/G/UTIL,3000,DEN@HOU 01/22/2020 08:00PM ET,HOU,3.58
PG,Chris Clemons (14168879),Chris Clemons,14168879,PG/G/UTIL,3000,DEN@HOU 01/22/2020 08:00PM ET,HOU,8.85
SF/PF,William Howard (14168882),William Howard,14168882,SF/PF/F/UTIL,3000,DEN@HOU 01/22/2020 08:00PM ET,HOU,0
SF/PF,Juancho Hernangomez (14169111),Juancho Hernangomez,14169111,SF/PF/F/UTIL,3000,DEN@HOU 01/22/2020 08:00PM ET,DEN,7.09
SF,Vlatko Cancar (14169115),Vlatko Cancar,14169115,SF/F/UTIL,3000,DEN@HOU 01/22/2020 08:00PM ET,DEN,1.18
SF/PF,Jarred Vanderbilt (14169118),Jarred Vanderbilt,14169118,SF/PF/F/UTIL,3000,DEN@HOU 01/22/2020 08:00PM ET,DEN,1.25
C,Bol Bol (14169122),Bol Bol,14169122,C/UTIL,3000,DEN@HOU 01/22/2020 08:00PM ET,DEN,0
PF,Al-Farouq Aminu (14168736),Al-Farouq Aminu,14168736,PF/F/UTIL,3000,OKC@ORL 01/22/2020 07:00PM ET,ORL,14.94
PF/C,Amile Jefferson (14168739),Amile Jefferson,14168739,PF/C/F/UTIL,3000,OKC@ORL 01/22/2020 07:00PM ET,ORL,3.38
SG/SF,B.J. Johnson (14168743),B.J. Johnson,14168743,SG/SF/F/G/UTIL,3000,OKC@ORL 01/22/2020 07:00PM ET,ORL,5.5
PF/C,Gary Clark (14168748),Gary Clark,14168748,PF/C/F/UTIL,3000,OKC@ORL 01/22/2020 07:00PM ET,ORL,9.61
PF,Vic Law (14168752),Vic Law,14168752,PF/F/UTIL,3000,OKC@ORL 01/22/2020 07:00PM ET,ORL,0
SG/SF,Melvin Frazier Jr. (14168755),Melvin Frazier Jr.,14168755,SG/SF/F/G/UTIL,3000,OKC@ORL 01/22/2020 07:00PM ET,ORL,3.23
SG,Andre Roberson (14168991),Andre Roberson,14168991,SG/G/UTIL,3000,OKC@ORL 01/22/2020 07:00PM ET,OKC,0
SF,Abdel Nader (14168994),Abdel Nader,14168994,SF/F/UTIL,3000,OKC@ORL 01/22/2020 07:00PM ET,OKC,10.62
SG/SF,Deonte Burton (14168997),Deonte Burton,14168997,SG/SF/F/G/UTIL,3000,OKC@ORL 01/22/2020 07:00PM ET,OKC,5.16
PF,Kevin Hervey (14169002),Kevin Hervey,14169002,PF/F/UTIL,3000,OKC@ORL 01/22/2020 07:00PM ET,OKC,1
C,Justin Patton (14169005),Justin Patton,14169005,C/UTIL,3000,OKC@ORL 01/22/2020 07:00PM ET,OKC,3.55
SG/SF,Terrance Ferguson (14169007),Terrance Ferguson,14169007,SG/SF/F/G/UTIL,3000,OKC@ORL 01/22/2020 07:00PM ET,OKC,10.60
SG/SF,Luguentz Dort (14169012),Luguentz Dort,14169012,SG/SF/F/G/UTIL,3000,OKC@ORL 01/22/2020 07:00PM ET,OKC,7.78
C,Tacko Fall (14168818),Tacko Fall,14168818,C/UTIL,3000,MEM@BOS 01/22/2020 07:30PM ET,BOS,8
PG,Carsen Edwards (14168820),Carsen Edwards,14168820,PG/G/UTIL,3000,MEM@BOS 01/22/2020 07:30PM ET,BOS,7.05
SF/PF,Grant Williams (14168823),Grant Williams,14168823,SF/PF/F/UTIL,3000,MEM@BOS 01/22/2020 07:30PM ET,BOS,8.95
PF/C,Robert Williams (14168827),Robert Williams,14168827,PF/C/F/UTIL,3000,MEM@BOS 01/22/2020 07:30PM ET,BOS,14.86
PG,Tremont Waters (14168831),Tremont Waters,14168831,PG/G/UTIL,3000,MEM@BOS 01/22/2020 07:30PM ET,BOS,9.33
SG/SF,Romeo Langford (14168834),Romeo Langford,14168834,SG/SF/F/G/UTIL,3000,MEM@BOS 01/22/2020 07:30PM ET,BOS,5.07
C,Vincent Poirier (14168839),Vincent Poirier,14168839,C/UTIL,3000,MEM@BOS 01/22/2020 07:30PM ET,BOS,5.19
SG/SF,Andre Iguodala (14169068),Andre Iguodala,14169068,SG/SF/F/G/UTIL,3000,MEM@BOS 01/22/2020 07:30PM ET,MEM,0
SF/PF,Solomon Hill (14169073),Solomon Hill,14169073,SF/PF/F/UTIL,3000,MEM@BOS 01/22/2020 07:30PM ET,MEM,14.44
PF/C,Bruno Caboclo (14169077),Bruno Caboclo,14169077,PF/C/F/UTIL,3000,MEM@BOS 01/22/2020 07:30PM ET,MEM,8
SF/PF,Yuta Watanabe (14169081),Yuta Watanabe,14169081,SF/PF/F/UTIL,3000,MEM@BOS 01/22/2020 07:30PM ET,MEM,3.81
SG,John Konchar (14169085),John Konchar,14169085,SG/G/UTIL,3000,MEM@BOS 01/22/2020 07:30PM ET,MEM,0.62
SF,Josh Jackson (14169088),Josh Jackson,14169088,SF/F/UTIL,3000,MEM@BOS 01/22/2020 07:30PM ET,MEM,0
SG/SF,Marko Guduric (14169091),Marko Guduric,14169091,SG/SF/F/G/UTIL,3000,MEM@BOS 01/22/2020 07:30PM ET,MEM,9.88
PG/SF,Shaquille Harrison (14168886),Shaquille Harrison,14168886,PG/SF/F/G/UTIL,3000,MIN@CHI 01/22/2020 08:00PM ET,CHI,7.03
PG/SG,Ryan Arcidiacono (14168891),Ryan Arcidiacono,14168891,PG/SG/G/UTIL,3000,MIN@CHI 01/22/2020 08:00PM ET,CHI,9.24
SG/SF,Denzel Valentine (14168895),Denzel Valentine,14168895,SG/SF/F/G/UTIL,3000,MIN@CHI 01/22/2020 08:00PM ET,CHI,11.25
SF/PF,Chandler Hutchison (14168900),Chandler Hutchison,14168900,SF/PF/F/UTIL,3000,MIN@CHI 01/22/2020 08:00PM ET,CHI,12.62
SG,Max Strus (14168904),Max Strus,14168904,SG/G/UTIL,3000,MIN@CHI 01/22/2020 08:00PM ET,CHI,3.12
SG,Adam Mokoka (14168907),Adam Mokoka,14168907,SG/G/UTIL,3000,MIN@CHI 01/22/2020 08:00PM ET,CHI,1.25
SG/SF,Allen Crabbe (14169124),Allen Crabbe,14169124,SG/SF/F/G/UTIL,3000,MIN@CHI 01/22/2020 08:00PM ET,MIN,11.12
PF,Jake Layman (14169129),Jake Layman,14169129,PF/F/UTIL,3000,MIN@CHI 01/22/2020 08:00PM ET,MIN,18.52
PF/C,Jordan Bell (14169132),Jordan Bell,14169132,PF/C/F/UTIL,3000,MIN@CHI 01/22/2020 08:00PM ET,MIN,8.41
PF/C,Noah Vonleh (14169136),Noah Vonleh,14169136,PF/C/F/UTIL,3000,MIN@CHI 01/22/2020 08:00PM ET,MIN,11.75
SF,Kelan Martin (14169140),Kelan Martin,14169140,SF/F/UTIL,3000,MIN@CHI 01/22/2020 08:00PM ET,MIN,12.03
PG,Jordan McLaughlin (14169143),Jordan McLaughlin,14169143,PG/G/UTIL,3000,MIN@CHI 01/22/2020 08:00PM ET,MIN,13.56
PG,Jaylen Nowell (14169146),Jaylen Nowell,14169146,PG/G/UTIL,3000,MIN@CHI 01/22/2020 08:00PM ET,MIN,6.82
C,Naz Reid (14169149),Naz Reid,14169149,C/UTIL,3000,MIN@CHI 01/22/2020 08:00PM ET,MIN,14.29
SG,Klay Thompson (14168946),Klay Thompson,14168946,SG/G/UTIL,3000,UTA@GS 01/22/2020 10:00PM ET,GS,0
PF/C,Kevon Looney (14168949),Kevon Looney,14168949,PF/C/F/UTIL,3000,UTA@GS 01/22/2020 10:00PM ET,GS,7.58
PG/SF,Jacob Evans III (14168953),Jacob Evans III,14168953,PG/SF/F/G/UTIL,3000,UTA@GS 01/22/2020 10:00PM ET,GS,8.82
PG,Ky Bowman (14168958),Ky Bowman,14168958,PG/G/UTIL,3000,UTA@GS 01/22/2020 10:00PM ET,GS,16.78
PF/C,Alen Smailagic (14168961),Alen Smailagic,14168961,PF/C/F/UTIL,3000,UTA@GS 01/22/2020 10:00PM ET,GS,9.78
C,Ed Davis (14169197),Ed Davis,14169197,C/UTIL,3000,UTA@GS 01/22/2020 10:00PM ET,UTA,8.26
PG,Nigel Williams-Goss (14169199),Nigel Williams-Goss,14169199,PG/G/UTIL,3000,UTA@GS 01/22/2020 10:00PM ET,UTA,2.31
SG/SF,Rayjon Tucker (14169202),Rayjon Tucker,14169202,SG/SF/F/G/UTIL,3000,UTA@GS 01/22/2020 10:00PM ET,UTA,2.68
PF,Jarrell Brantley (14169207),Jarrell Brantley,14169207,PF/F/UTIL,3000,UTA@GS 01/22/2020 10:00PM ET,UTA,5
SG,Justin Wright-Foreman (14169210),Justin Wright-Foreman,14169210,SG/G/UTIL,3000,UTA@GS 01/22/2020 10:00PM ET,UTA,0
PF,Juwan Morgan (14169213),Juwan Morgan,14169213,PF/F/UTIL,3000,UTA@GS 01/22/2020 10:00PM ET,UTA,1.42
SG/SF,Miye Oni (14169216),Miye Oni,14169216,SG/SF/F/G/UTIL,3000,UTA@GS 01/22/2020 10:00PM ET,UTA,0.25
SF,Darius Miller (14168933),Darius Miller,14168933,SF/F/UTIL,3000,SA@NO 01/22/2020 09:30PM ET,NO,0
PG,Josh Gray (14168936),Josh Gray,14168936,PG/G/UTIL,3000,SA@NO 01/22/2020 09:30PM ET,NO,2.5
PF,Kenrich Williams (14168939),Kenrich Williams,14168939,PF/F/UTIL,3000,SA@NO 01/22/2020 09:30PM ET,NO,15.09
SF/PF,Zylan Cheatham (14168942),Zylan Cheatham,14168942,SF/PF/F/UTIL,3000,SA@NO 01/22/2020 09:30PM ET,NO,5
PF,DeMarre Carroll (14169175),DeMarre Carroll,14169175,PF/F/UTIL,3000,SA@NO 01/22/2020 09:30PM ET,SA,6.18
PF/C,Drew Eubanks (14169178),Drew Eubanks,14169178,PF/C/F/UTIL,3000,SA@NO 01/22/2020 09:30PM ET,SA,6.29
PF/C,Chimezie Metu (14169182),Chimezie Metu,14169182,PF/C/F/UTIL,3000,SA@NO 01/22/2020 09:30PM ET,SA,5.75
SG,Quinndary Weatherspoon (14169186),Quinndary Weatherspoon,14169186,SG/G/UTIL,3000,SA@NO 01/22/2020 09:30PM ET,SA,0
SG/SF,Keldon Johnson (14169189),Keldon Johnson,14169189,SG/SF/F/G/UTIL,3000,SA@NO 01/22/2020 09:30PM ET,SA,2.25
SF,Luka Samanic (14169194),Luka Samanic,14169194,SF/F/UTIL,3000,SA@NO 01/22/2020 09:30PM ET,SA,0
PF/C,Blake Griffin (14168760),Blake Griffin,14168760,PF/C/F/UTIL,3000,SAC@DET 01/22/2020 07:00PM ET,DET,27.61
PG,Reggie Jackson (14168764),Reggie Jackson,14168764,PG/G/UTIL,3000,SAC@DET 01/22/2020 07:00PM ET,DET,14.12
PG,Tim Frazier (14168767),Tim Frazier,14168767,PG/G/UTIL,3000,SAC@DET 01/22/2020 07:00PM ET,DET,11.74
SG,Khyri Thomas (14168770),Khyri Thomas,14168770,SG/G/UTIL,3000,SAC@DET 01/22/2020 07:00PM ET,DET,0.5
PF/C,Thon Maker (14168773),Thon Maker,14168773,PF/C/F/UTIL,3000,SAC@DET 01/22/2020 07:00PM ET,DET,8.32
PG,Jordan Bone (14168777),Jordan Bone,14168777,PG/G/UTIL,3000,SAC@DET 01/22/2020 07:00PM ET,DET,1.88
SF/PF,Louis King (14168780),Louis King,14168780,SF/PF/F/UTIL,3000,SAC@DET 01/22/2020 07:00PM ET,DET,3.25
PF/C,Anthony Tolliver (14169017),Anthony Tolliver,14169017,PF/C/F/UTIL,3000,SAC@DET 01/22/2020 07:00PM ET,SAC,10.61
PG,Cory Joseph (14169021),Cory Joseph,14169021,PG/G/UTIL,3000,SAC@DET 01/22/2020 07:00PM ET,SAC,16.79
PG/SG,Yogi Ferrell (14169024),Yogi Ferrell,14169024,PG/SG/G/UTIL,3000,SAC@DET 01/22/2020 07:00PM ET,SAC,9.69
SG/SF,Justin James (14169028),Justin James,14169028,SG/SF/F/G/UTIL,3000,SAC@DET 01/22/2020 07:00PM ET,SAC,6.59
SF,DaQuan Jeffries (14169033),DaQuan Jeffries,14169033,SF/F/UTIL,3000,SAC@DET 01/22/2020 07:00PM ET,SAC,2.38
C,Harry Giles III (14169036),Harry Giles III,14169036,C/UTIL,3000,SAC@DET 01/22/2020 07:00PM ET,SAC,10.78
PG,Kyle Guy (14169038),Kyle Guy,14169038,PG/G/UTIL,3000,SAC@DET 01/22/2020 07:00PM ET,SAC,0
PG/SG,Tyler Johnson (14168910),Tyler Johnson,14168910,PG/SG/G/UTIL,3000,IND@PHO 01/22/2020 09:00PM ET,PHO,11.69
C,Frank Kaminsky (14168914),Frank Kaminsky,14168914,C/UTIL,3000,IND@PHO 01/22/2020 09:00PM ET,PHO,22.08
PG/SG,Jevon Carter (14168916),Jevon Carter,14168916,PG/SG/G/UTIL,3000,IND@PHO 01/22/2020 09:00PM ET,PHO,9.91
C,Tariq Owens (14168920),Tariq Owens,14168920,C/UTIL,3000,IND@PHO 01/22/2020 09:00PM ET,PHO,0
C,Cheick Diallo (14168922),Cheick Diallo,14168922,C/UTIL,3000,IND@PHO 01/22/2020 09:00PM ET,PHO,8.96
PG,Ty Jerome (14168924),Ty Jerome,14168924,PG/G/UTIL,3000,IND@PHO 01/22/2020 09:00PM ET,PHO,9.35
PG,Jared Harper (14168927),Jared Harper,14168927,PG/G/UTIL,3000,IND@PHO 01/22/2020 09:00PM ET,PHO,0
SG,Jalen Lecque (14168930),Jalen Lecque,14168930,SG/G/UTIL,3000,IND@PHO 01/22/2020 09:00PM ET,PHO,0
SF/PF,Jakarr Sampson (14169151),Jakarr Sampson,14169151,SF/PF/F/UTIL,3000,IND@PHO 01/22/2020 09:00PM ET,IND,9.89
PG/SG,Naz Mitrou-Long (14169155),Naz Mitrou-Long,14169155,PG/SG/G/UTIL,3000,IND@PHO 01/22/2020 09:00PM ET,IND,12
PG/SG,Edmond Sumner (14169159),Edmond Sumner,14169159,PG/SG/G/UTIL,3000,IND@PHO 01/22/2020 09:00PM ET,IND,11.17
PF/C,TJ Leaf (14169163),TJ Leaf,14169163,PF/C/F/UTIL,3000,IND@PHO 01/22/2020 09:00PM ET,IND,7.82
PF,Alize Johnson (14169167),Alize Johnson,14169167,PF/F/UTIL,3000,IND@PHO 01/22/2020 09:00PM ET,IND,3.68
SG,Brian Bowen II (14169170),Brian Bowen II,14169170,SG/G/UTIL,3000,IND@PHO 01/22/2020 09:00PM ET,IND,1.75
C,Goga Bitadze (14169173),Goga Bitadze,14169173,C/UTIL,3000,IND@PHO 01/22/2020 09:00PM ET,IND,8.11
PG/SF,Evan Turner (14168841),Evan Turner,14168841,PG/SF/F/G/UTIL,3000,LAC@ATL 01/22/2020 07:30PM ET,ATL,9.92
SF/PF,Chandler Parsons (14168846),Chandler Parsons,14168846,SF/PF/F/UTIL,3000,LAC@ATL 01/22/2020 07:30PM ET,ATL,7.55
SF,Treveon Graham (14168850),Treveon Graham,14168850,SF/F/UTIL,3000,LAC@ATL 01/22/2020 07:30PM ET,ATL,11.35
SG,Charlie Brown (14168853),Charlie Brown,14168853,SG/G/UTIL,3000,LAC@ATL 01/22/2020 07:30PM ET,ATL,4.9
C,Bruno Fernando (14168856),Bruno Fernando,14168856,C/UTIL,3000,LAC@ATL 01/22/2020 07:30PM ET,ATL,10.12
PG,Derrick Walton Jr. (14169096),Derrick Walton Jr.,14169096,PG/G/UTIL,3000,LAC@ATL 01/22/2020 07:30PM ET,LAC,4.99
C,Johnathan Motley (14169099),Johnathan Motley,14169099,C/UTIL,3000,LAC@ATL 01/22/2020 07:30PM ET,LAC,3.36
PG,Terance Mann (14169101),Terance Mann,14169101,PG/G/UTIL,3000,LAC@ATL 01/22/2020 07:30PM ET,LAC,5.45
C,Mfiondu Kabengele (14169104),Mfiondu Kabengele,14169104,C/UTIL,3000,LAC@ATL 01/22/2020 07:30PM ET,LAC,4.7
PG/SF,Amir Coffey (14169106),Amir Coffey,14169106,PG/SF/F/G/UTIL,3000,LAC@ATL 01/22/2020 07:30PM ET,LAC,3.5
