Position,Name + ID,Name,ID,Roster Position,Salary,Game Info,TeamAbbrev,AvgPointsPerGame
PF,Kevin Love (14172728),Kevin Love,14172728,CPT,15000,WAS@CLE 01/23/2020 07:00PM ET,CLE,36.66
SG/SF,Bradley Beal (14172729),Bradley Beal,14172729,CPT,14100,WAS@CLE 01/23/2020 07:00PM ET,WAS,45.24
C,Tristan Thompson (14172730),Tristan Thompson,14172730,CPT,13500,WAS@CLE 01/23/2020 07:00PM ET,CLE,32.24
PG/SG,Collin Sexton (14172731),Collin Sexton,14172731,CPT,12300,WAS@CLE 01/23/2020 07:00PM ET,CLE,28.44
PG,Darius Garland (14172732),Darius Garland,14172732,CPT,11100,WAS@CLE 01/23/2020 07:00PM ET,CLE,21.34
C,Ian Mahinmi (14172733),Ian Mahinmi,14172733,CPT,10200,WAS@CLE 01/23/2020 07:00PM ET,WAS,22.56
PF,Kevin Love (14172695),Kevin Love,14172695,UTIL,10000,WAS@CLE 01/23/2020 07:00PM ET,CLE,36.66
PF/C,Larry Nance Jr. (14172734),Larry Nance Jr.,14172734,CPT,9900,WAS@CLE 01/23/2020 07:00PM ET,CLE,21.81
C,Moritz Wagner (14172735),Moritz Wagner,14172735,CPT,9600,WAS@CLE 01/23/2020 07:00PM ET,WAS,23.49
SG/SF,Bradley Beal (14172696),Bradley Beal,14172696,UTIL,9400,WAS@CLE 01/23/2020 07:00PM ET,WAS,45.24
PG/SG,Jordan McRae (14172736),Jordan McRae,14172736,CPT,9300,WAS@CLE 01/23/2020 07:00PM ET,WAS,24.31
C,Tristan Thompson (14172697),Tristan Thompson,14172697,UTIL,9000,WAS@CLE 01/23/2020 07:00PM ET,CLE,32.24
PF,Davis Bertans (14172737),Davis Bertans,14172737,CPT,8700,WAS@CLE 01/23/2020 07:00PM ET,WAS,27.74
C,Rui Hachimura (14172738),Rui Hachimura,14172738,CPT,8400,WAS@CLE 01/23/2020 07:00PM ET,WAS,25.17
PG/SG,Collin Sexton (14172698),Collin Sexton,14172698,UTIL,8200,WAS@CLE 01/23/2020 07:00PM ET,CLE,28.44
PG,Ish Smith (14172739),Ish Smith,14172739,CPT,8100,WAS@CLE 01/23/2020 07:00PM ET,WAS,23.74
C,Thomas Bryant (14172740),Thomas Bryant,14172740,CPT,7800,WAS@CLE 01/23/2020 07:00PM ET,WAS,27.72
SF/PF,Troy Brown Jr. (14172741),Troy Brown Jr.,14172741,CPT,7500,WAS@CLE 01/23/2020 07:00PM ET,WAS,23.7
PG,Darius Garland (14172699),Darius Garland,14172699,UTIL,7400,WAS@CLE 01/23/2020 07:00PM ET,CLE,21.34
SF/PF,Cedi Osman (14172742),Cedi Osman,14172742,CPT,7200,WAS@CLE 01/23/2020 07:00PM ET,CLE,20.85
SF/PF,Admiral Schofield (14172743),Admiral Schofield,14172743,CPT,6900,WAS@CLE 01/23/2020 07:00PM ET,WAS,7.03
C,Ian Mahinmi (14172700),Ian Mahinmi,14172700,UTIL,6800,WAS@CLE 01/23/2020 07:00PM ET,WAS,22.56
PF/C,Larry Nance Jr. (14172701),Larry Nance Jr.,14172701,UTIL,6600,WAS@CLE 01/23/2020 07:00PM ET,CLE,21.81
SF,Kevin Porter Jr. (14172744),Kevin Porter Jr.,14172744,CPT,6600,WAS@CLE 01/23/2020 07:00PM ET,CLE,17.12
C,Moritz Wagner (14172702),Moritz Wagner,14172702,UTIL,6400,WAS@CLE 01/23/2020 07:00PM ET,WAS,23.49
PG/SG,Jordan McRae (14172703),Jordan McRae,14172703,UTIL,6200,WAS@CLE 01/23/2020 07:00PM ET,WAS,24.31
PF,Davis Bertans (14172704),Davis Bertans,14172704,UTIL,5800,WAS@CLE 01/23/2020 07:00PM ET,WAS,27.74
PG/SG,Dante Exum (14172745),Dante Exum,14172745,CPT,5700,WAS@CLE 01/23/2020 07:00PM ET,CLE,8.5
C,Rui Hachimura (14172705),Rui Hachimura,14172705,UTIL,5600,WAS@CLE 01/23/2020 07:00PM ET,WAS,25.17
PG,Ish Smith (14172706),Ish Smith,14172706,UTIL,5400,WAS@CLE 01/23/2020 07:00PM ET,WAS,23.74
PG/SG,Gary Payton II (14172746),Gary Payton II,14172746,CPT,5400,WAS@CLE 01/23/2020 07:00PM ET,WAS,18.98
C,Thomas Bryant (14172707),Thomas Bryant,14172707,UTIL,5200,WAS@CLE 01/23/2020 07:00PM ET,WAS,27.72
SF/PF,Troy Brown Jr. (14172708),Troy Brown Jr.,14172708,UTIL,5000,WAS@CLE 01/23/2020 07:00PM ET,WAS,23.7
SF/PF,Cedi Osman (14172709),Cedi Osman,14172709,UTIL,4800,WAS@CLE 01/23/2020 07:00PM ET,CLE,20.85
SF/PF,Isaac Bonga (14172747),Isaac Bonga,14172747,CPT,4800,WAS@CLE 01/23/2020 07:00PM ET,WAS,12.02
SF/PF,Admiral Schofield (14172710),Admiral Schofield,14172710,UTIL,4600,WAS@CLE 01/23/2020 07:00PM ET,WAS,7.03
PG,Isaiah Thomas (14172748),Isaiah Thomas,14172748,CPT,4500,WAS@CLE 01/23/2020 07:00PM ET,WAS,20.66
SF,Kevin Porter Jr. (14172711),Kevin Porter Jr.,14172711,UTIL,4400,WAS@CLE 01/23/2020 07:00PM ET,CLE,17.12
C,Anzejs Pasecniks (14172749),Anzejs Pasecniks,14172749,CPT,4200,WAS@CLE 01/23/2020 07:00PM ET,WAS,17.67
PG/SG,Dante Exum (14172712),Dante Exum,14172712,UTIL,3800,WAS@CLE 01/23/2020 07:00PM ET,CLE,8.5
PG/SG,Gary Payton II (14172713),Gary Payton II,14172713,UTIL,3600,WAS@CLE 01/23/2020 07:00PM ET,WAS,18.98
PF,Dean Wade (14172750),Dean Wade,14172750,CPT,3600,WAS@CLE 01/23/2020 07:00PM ET,CLE,6.54
SG/SF,Garrison Mathews (14172751),Garrison Mathews,14172751,CPT,3300,WAS@CLE 01/23/2020 07:00PM ET,WAS,10.02
SF/PF,Isaac Bonga (14172714),Isaac Bonga,14172714,UTIL,3200,WAS@CLE 01/23/2020 07:00PM ET,WAS,12.02
PG,Isaiah Thomas (14172715),Isaiah Thomas,14172715,UTIL,3000,WAS@CLE 01/23/2020 07:00PM ET,WAS,20.66
PG/SG,Matthew Dellavedova (14172752),Matthew Dellavedova,14172752,CPT,3000,WAS@CLE 01/23/2020 07:00PM ET,CLE,8.80
C,Anzejs Pasecniks (14172716),Anzejs Pasecniks,14172716,UTIL,2800,WAS@CLE 01/23/2020 07:00PM ET,WAS,17.67
SG,Brandon Knight (14172753),Brandon Knight,14172753,CPT,2700,WAS@CLE 01/23/2020 07:00PM ET,CLE,10.38
PF,Dean Wade (14172717),Dean Wade,14172717,UTIL,2400,WAS@CLE 01/23/2020 07:00PM ET,CLE,6.54
SG/SF,Garrison Mathews (14172718),Garrison Mathews,14172718,UTIL,2200,WAS@CLE 01/23/2020 07:00PM ET,WAS,10.02
PG/SG,Matthew Dellavedova (14172719),Matthew Dellavedova,14172719,UTIL,2000,WAS@CLE 01/23/2020 07:00PM ET,CLE,8.80
SG,Brandon Knight (14172720),Brandon Knight,14172720,UTIL,1800,WAS@CLE 01/23/2020 07:00PM ET,CLE,10.38
C,John Henson (14172754),John Henson,14172754,CPT,1800,WAS@CLE 01/23/2020 07:00PM ET,CLE,15
C,Ante Zizic (14172755),Ante Zizic,14172755,CPT,1800,WAS@CLE 01/23/2020 07:00PM ET,CLE,10.16
PG/SG,Matt Mooney (14172756),Matt Mooney,14172756,CPT,1500,WAS@CLE 01/23/2020 07:00PM ET,CLE,6.75
PF/C,Johnathan Williams (14172757),Johnathan Williams,14172757,CPT,1500,WAS@CLE 01/23/2020 07:00PM ET,WAS,12.97
PF,Tyler Cook (14172758),Tyler Cook,14172758,CPT,1500,WAS@CLE 01/23/2020 07:00PM ET,CLE,3.33
PG,John Wall (14172759),John Wall,14172759,CPT,1500,WAS@CLE 01/23/2020 07:00PM ET,WAS,0
SF,Dylan Windler (14172760),Dylan Windler,14172760,CPT,1500,WAS@CLE 01/23/2020 07:00PM ET,CLE,0
C,John Henson (14172721),John Henson,14172721,UTIL,1200,WAS@CLE 01/23/2020 07:00PM ET,CLE,15
C,Ante Zizic (14172722),Ante Zizic,14172722,UTIL,1200,WAS@CLE 01/23/2020 07:00PM ET,CLE,10.16
PG/SG,Matt Mooney (14172723),Matt Mooney,14172723,UTIL,1000,WAS@CLE 01/23/2020 07:00PM ET,CLE,6.75
PF/C,Johnathan Williams (14172724),Johnathan Williams,14172724,UTIL,1000,WAS@CLE 01/23/2020 07:00PM ET,WAS,12.97
PF,Tyler Cook (14172725),Tyler Cook,14172725,UTIL,1000,WAS@CLE 01/23/2020 07:00PM ET,CLE,3.33
PG,John Wall (14172726),John Wall,14172726,UTIL,1000,WAS@CLE 01/23/2020 07:00PM ET,WAS,0
SF,Dylan Windler (14172727),Dylan Windler,14172727,UTIL,1000,WAS@CLE 01/23/2020 07:00PM ET,CLE,0
